commit,sha,cyclo,abstract,fanout,npath
1,ec72ca8b,0,0,0,0
2,b3337c31,194,45,37,36
3,7004a9e5,194,45,37,36
4,78c22058,194,45,37,36
5,bd2b0a63,195,45,37,36
6,b61964a2,195,46,38,36
7,847db717,195,47,39,36
8,ade36f02,195,47,41,36
9,bc217d99,195,47,41,36
10,9e8b5e50,195,47,41,36
11,8f1023cb,195,47,41,36
12,78eaaccc,195,47,41,36
13,1d732dfc,195,47,41,36
14,c92b3422,195,47,41,36
15,14f2445e,195,47,41,36
16,5ac51ee9,195,47,41,36
17,604c407e,197,47,41,36
18,c31d29b7,197,47,41,36
19,7631b138,196,47,41,36
20,cfafb52b,196,47,41,36
21,b5f3fc9a,196,47,41,36
22,9a9ce993,196,47,41,36
23,e768f67f,196,47,41,36
24,687d7955,196,47,41,36
25,9633108a,196,47,41,36
26,66b86a7a,197,47,41,36
27,854fc21a,197,47,41,36
28,06cbc0a9,197,47,41,36
29,5d781961,200,49,44,37
30,1299f203,200,49,44,37
31,042d7107,200,49,44,37
32,87278153,200,49,44,37
33,05454238,199,49,44,37
34,ffbc2a9d,199,49,44,37
35,8a5a44c1,199,49,44,38
36,77815678,199,49,44,38
37,f135a93b,199,49,44,38
38,30ff15e3,199,49,44,38
39,23cfdeea,199,49,44,38
40,72599ad0,199,49,44,38
41,e195ec62,199,49,44,38
42,f7d15282,199,49,44,38
43,82e69691,207,50,45,40
44,c631cae0,207,50,45,40
45,2a3fcce8,207,50,45,40
46,bfc5ad7b,207,50,45,40
47,e6b5ec7a,206,50,45,40
48,4806df42,207,50,45,40
49,3f045dee,207,50,45,40
50,1aa8e011,208,50,45,40
51,21a1021b,208,50,45,40
52,fa54b7c8,208,50,45,40
53,008b00f5,208,50,45,40
54,f94ff19f,208,50,45,40
55,a8281065,208,50,45,40
56,2e817302,208,50,45,41
57,82e5b7d1,209,51,45,41
58,ce58723c,209,51,46,41
59,22018390,209,51,47,41
60,0e55c876,209,51,47,41
61,78e73259,209,51,47,41
62,6d52065d,209,50,47,42
63,8c16840f,210,50,47,42
64,16a7dd13,210,50,47,42
65,0f5ff617,210,50,48,42
66,7cda7eca,210,50,48,42
67,38edf962,210,50,48,42
68,b05b01d9,210,50,48,42
69,086611ce,210,50,48,42
70,98c981d0,210,50,48,42
71,3d9b310c,210,50,48,42
72,575250e2,210,51,48,42
73,67d86de7,212,50,48,42
74,d36f376a,212,50,48,42
75,3f033a04,212,50,48,42
76,8adcbb28,212,50,48,42
77,c111e1ab,213,50,49,42
78,defb6a33,213,50,49,42
79,46ff97af,213,50,49,42
80,4cf1b3ed,213,50,49,42
81,07d41667,213,50,49,42
82,54f325ee,213,50,49,42
83,b5544769,213,50,48,42
84,d1a4989e,213,50,48,42
85,aa54e9cc,213,50,48,42
86,78d9ab10,213,50,48,42
87,97814e10,213,50,48,42
88,eb3f8b2f,213,50,48,42
89,bcc52a01,213,50,48,42
90,c7389df8,213,50,48,43
91,e3af8716,213,50,48,43
92,da510f28,217,50,48,45
93,9eaa50ce,217,50,48,45
94,f5a4296b,217,50,48,45
95,70726b26,218,50,49,45
96,3ef36737,218,50,49,45
97,a8af609e,218,50,49,45
98,e70bec79,218,50,49,45
99,0ebb74dd,222,50,49,47
100,ba0972cd,222,50,49,47
101,e0c3bb58,222,50,49,47
102,1ec1716a,222,50,49,48
103,284a3513,221,50,50,48
104,929bb3f2,219,50,50,47
105,c30d7906,219,50,50,47
106,8b36281d,224,50,50,49
107,c5a2d497,224,50,50,49
108,471ad1ed,224,50,50,49
109,948f0ef0,224,50,50,49
110,a5790cab,225,50,50,49
111,bf7ace79,225,50,50,49
112,1f3c038f,225,50,50,49
113,bf3f82c7,225,50,50,49
114,bcca36fa,225,50,50,49
115,372bdec4,225,50,50,49
116,f51e2cf9,225,50,50,49
117,c6683d23,225,50,50,49
118,56825488,224,50,50,49
119,0ef40008,224,50,50,49
120,4c9cf299,224,50,50,49
121,18a1a5f9,252,54,53,54
122,7c91e723,252,54,53,54
123,7d3b6423,252,54,53,54
124,234a5abd,252,54,53,54
125,bd8d52f3,252,54,53,54
126,aef5aa0b,252,54,53,54
127,12e87ba8,252,54,53,54
128,4dbc1679,254,54,54,56
129,7709c68f,254,54,54,56
130,fbf9197b,254,54,54,56
131,fdd221e8,258,54,54,56
132,12e2ba82,258,54,54,56
133,03ee0a94,258,53,54,56
134,e276928e,258,53,54,56
135,5d947ad6,258,53,54,56
136,c560f1f9,258,53,54,56
137,111f9cb7,258,53,54,56
138,e49a8454,258,53,54,56
139,7bf0f1ff,258,53,54,56
140,7a38e384,258,54,54,56
141,45489ed1,258,54,54,56
142,e735ff49,258,54,54,56
143,51836e0f,258,54,54,56
144,f1d5b179,258,54,54,56
145,40b0dfdd,258,54,54,56
146,f4f26d21,259,55,54,56
147,729baa68,259,55,54,56
148,290ecd4c,259,55,54,56
149,54dc5a59,259,55,54,56
150,b13f6b1b,262,55,54,56
151,83a78b39,262,55,54,56
152,79e1df14,262,55,54,56
153,58319b11,262,55,54,56
154,baaac70d,262,56,54,56
155,ae5bcb6d,262,56,54,56
156,7c684897,262,56,54,56
157,4b04db90,262,56,54,56
158,86c3a406,261,56,54,56
159,471801b4,261,56,54,56
160,ef85412f,261,56,54,56
161,6fe329ab,261,56,54,56
162,47c11aa5,261,56,54,56
163,65ed582a,261,56,54,56
164,4e1a1f34,261,56,54,56
165,024cdb43,261,56,55,56
166,2e8b0464,261,56,54,56
167,1de65091,261,56,54,56
168,20877a0c,261,56,54,56
169,1d2d4674,261,56,54,56
170,1dd59978,266,57,54,56
171,d8ef200b,266,57,55,56
172,4c13a9d5,266,57,55,57
173,6243f4f9,270,57,56,57
174,3a55998a,270,57,56,57
175,a8be04b3,270,57,56,57
176,1107df9a,270,57,56,57
177,cd2090bc,270,57,56,57
178,fc3a8055,270,57,56,57
179,28b0b5fc,273,57,57,58
180,b1e5284a,273,57,57,58
181,1ae5a346,273,57,57,58
182,f8a615f9,273,57,58,58
183,55cad320,273,57,58,58
184,45234f4d,273,57,58,58
185,a344ebb1,273,58,59,58
186,d4dc3cac,274,58,59,57
187,d2bf446d,274,58,59,57
188,049ce4ff,274,58,59,57
189,315cc905,274,58,59,57
190,2551fb9f,274,58,59,57
191,fc47bd6f,274,58,59,57
192,671bc4e7,274,58,59,57
193,fa1071d0,274,58,59,57
194,bad86439,274,58,59,57
195,35bd7f00,274,58,59,57
196,52af5573,274,58,59,57
197,de69f5f0,274,58,59,57
198,2ae6de24,273,58,59,57
199,1e455789,282,60,61,59
200,77564cb1,282,60,61,59
201,297e2091,283,60,61,59
202,a039a6cc,283,60,61,59
203,bc03d89c,283,60,61,59
204,93e02532,285,60,61,60
205,267859c7,285,60,61,60
206,fa55c40c,285,60,61,60
207,f9cac390,285,60,61,60
208,89043b11,285,60,61,60
209,14af9d28,285,60,61,60
210,5b11de89,286,60,61,60
211,3a322a64,286,60,61,60
212,0a2de7ce,286,60,61,60
213,621d222c,287,60,61,60
214,6a476f44,287,60,61,60
215,f4c94a35,287,60,61,60
216,4851ddde,287,60,61,60
217,8f324678,291,60,63,62
218,e5cd5945,291,60,63,62
219,5957f580,291,60,61,62
220,9c0a37df,291,60,61,62
221,be096fcd,291,60,61,63
222,91b463a3,291,60,61,63
223,9a521e8d,291,60,61,63
224,79a930d7,291,60,61,63
225,59267ce4,291,60,61,63
226,cd12d89d,291,60,61,63
227,73daff15,292,60,61,63
228,b799b7a9,294,60,61,64
229,f560383b,293,61,61,64
230,b42245df,293,61,61,64
231,913a486f,296,61,61,64
232,651cd784,296,61,61,64
233,a5dc0fcf,296,61,61,64
234,3decb2a6,296,61,61,64
235,336a272c,296,61,61,64
236,7c402507,296,61,61,64
237,691a336b,296,61,61,64
238,8402738b,296,61,61,64
239,81c6b907,296,61,61,64
240,4492293b,296,61,61,64
241,41e100ad,296,61,61,64
242,875e7b74,296,61,61,64
243,1a698df6,296,61,61,64
244,0586bcd0,296,61,61,64
245,38d8fad8,296,62,61,64
246,632f0d4f,296,62,61,64
247,398382f6,296,62,61,64
248,6f9451f9,296,62,61,64
249,def8caf7,296,62,61,64
250,2ea7423f,296,62,61,64
251,aac05e26,296,62,61,64
252,d546ae35,296,62,61,64
253,dc140259,296,62,61,64
254,0e3ca48a,296,62,61,64
255,fd574880,296,62,61,64
256,c2e8804b,296,62,61,64
257,118aa896,299,62,61,64
258,4b2ff138,299,62,61,64
259,50249f4e,299,62,61,64
260,8faf8c21,299,62,61,64
261,05d85b2a,299,62,61,64
262,10183c74,299,62,61,64
263,10f96ba8,299,62,61,64
264,0794c808,300,62,61,64
265,3e126005,300,62,61,64
266,6ed23744,300,62,61,64
267,5d5c5315,300,62,61,64
268,f2189e81,300,62,61,64
269,7c904dcd,300,62,61,64
270,dad0686f,300,62,61,64
271,58d2e2e1,300,62,61,64
272,408bad62,300,62,61,64
273,3fb68d62,300,62,61,64
274,15212225,300,62,61,64
275,d633b3df,300,62,61,64
276,65acc0cf,300,62,61,64
277,a5a4b35e,300,62,61,64
278,962ce9a7,300,62,61,64
279,15bdba30,300,62,61,64
280,5da4b074,300,62,61,64
281,6bf19fcd,300,62,61,64
282,3e7bf0fa,300,62,61,64
283,4692ef80,300,62,61,64
284,a6d9c849,300,62,61,64
285,3f8acbd9,300,62,61,64
286,3b5b4b4c,299,61,60,64
287,ff1fa9da,299,61,60,64
288,d0a79223,299,61,60,64
289,4e347425,299,61,60,64
290,33086fb9,299,61,60,64
291,5f7d0ce3,299,61,60,64
292,8262093a,299,61,60,64
293,52f193c8,299,61,60,64
294,2d6c2d85,299,61,60,64
295,6480daff,299,61,60,64
296,341f6d39,299,61,60,64
297,8cfa04ce,299,61,60,64
298,7ec83b2f,299,61,60,64
299,11e81410,299,61,60,64
300,b760ab18,299,61,60,64
301,5cef4563,300,61,60,63
302,cc6e6eb3,300,61,60,63
303,1a9c5d6b,300,61,60,63
304,2bb31fe7,301,61,60,63
305,cc9ff901,301,61,60,63
306,bcb46a17,301,61,60,63
307,445db1e5,301,61,60,63
308,91d5beca,301,61,60,63
309,880f6266,301,61,60,63
310,21f7de51,301,61,60,63
311,bb49db8f,301,61,60,63
312,5e4f7c77,301,61,60,63
313,7ed9435a,301,61,60,63
314,bd5260a4,301,61,60,63
315,9464c390,301,61,60,63
316,f631e9ad,301,61,61,63
317,a208eb5a,301,61,61,63
318,25433ace,301,61,61,63
319,e0058ff8,301,61,61,63
320,9244a469,322,63,63,66
321,b0494a84,323,63,63,66
322,8ecf71ff,323,63,63,66
323,6379e8cc,323,63,63,66
324,d4bc187b,323,63,63,66
325,a9cd00e2,323,63,63,66
326,2fd36fdb,323,63,63,66
327,daac9409,323,63,63,66
328,3a593973,325,63,63,66
329,7c93c191,325,63,63,66
330,152aa355,325,63,63,66
331,aa046cc1,325,63,63,66
332,49becdc3,325,63,63,66
333,cd08a71f,325,63,63,66
334,9549b9c2,325,63,63,66
335,f10a2d42,325,63,63,66
336,442e0e87,325,63,63,66
337,9846847a,325,63,63,66
338,93e14e06,325,63,63,66
339,ab5378ad,325,63,63,66
340,a79dae69,325,63,63,66
341,913bc2f9,325,63,63,66
342,cb7e92b0,325,62,63,66
343,2d6de970,325,62,63,66
344,fcb99b4d,326,62,63,66
345,7e041c43,326,62,63,66
346,96a185e1,326,62,63,66
347,0da66ba3,326,62,63,66
348,ad954946,327,62,63,66
349,677c4d8f,327,62,63,66
350,1b8bb989,327,62,63,66
351,02cb2976,327,62,63,66
352,ac5285ea,327,62,63,66
353,51aac0cd,331,63,64,67
354,3e430c2c,332,63,64,68
355,c6d13212,332,63,64,68
356,b49a1c44,332,63,64,68
357,9c1f2fde,332,63,64,68
358,f46c643c,332,63,64,68
359,d9973894,332,63,64,68
360,19b355e9,332,63,64,68
361,fbc138e3,332,63,64,68
362,9a35ddcb,333,63,64,68
363,6b7bbfb8,333,63,64,68
364,72629fc5,334,63,64,68
365,fcc32cbe,334,63,64,68
366,8ce9b3b1,334,63,64,68
367,565fc44f,334,63,64,68
368,2fdc49c1,334,63,64,68
369,9bfbab82,334,63,64,68
370,3d6be1dc,334,63,64,68
371,b1721ac0,334,63,64,68
372,bda476ee,336,63,64,68
373,30ae2bb8,336,63,64,68
374,52a4a410,336,63,64,68
375,609af0da,336,63,64,68
376,cb0d7d47,341,67,66,67
377,453ede8f,341,68,67,67
378,bf6cead9,343,70,67,67
379,4ab298ce,343,70,67,67
380,265e2fb8,343,70,67,67
381,6975f5d1,343,70,67,67
382,b09f6c7b,343,70,67,67
383,10f0eaad,343,70,67,67
384,c7e4ec63,343,70,67,67
385,9b4d6401,343,70,67,67
386,34999315,343,70,67,67
387,d177c78d,343,70,67,67
388,ce3eef6a,343,70,67,67
389,3039e5b0,343,70,67,67
390,e56321b4,343,70,67,67
391,2a19160a,366,86,80,71
392,2878ae7d,366,86,80,71
393,5f989429,366,86,80,71
394,cb8faaa1,366,86,81,71
395,4f91152b,366,86,81,71
396,dfd002bf,366,86,81,71
397,11e4ad9b,370,85,81,74
398,348117c8,370,85,81,74
399,c48851f4,369,85,81,74
400,cdc33e18,375,85,82,74
401,37dfc443,374,85,81,73
402,cfc8ec51,374,85,81,74
403,9cb05060,374,85,81,74
404,f8f65c99,372,84,81,74
405,34d99c39,374,84,81,75
406,ceb0138a,374,84,81,75
407,30aae506,374,84,81,75
408,976749e0,374,84,81,75
409,650eb196,374,84,81,75
410,57071d7a,374,84,81,75
411,70a2a3ef,374,84,81,75
412,69df71d2,374,84,81,75
413,97958c3a,374,84,81,75
414,ebded19d,374,84,81,75
415,5d8d2cf4,374,84,81,75
416,d0a63423,374,84,81,75
417,c09877c2,374,84,81,75
418,e81d559f,374,84,81,75
419,1323fe8b,374,84,81,75
420,b7bcc6cc,374,84,81,75
421,4c534224,375,84,81,75
422,95beccce,375,84,81,75
423,1119bffc,375,84,81,75
424,02bfa9c4,375,84,81,75
425,fc30467b,375,84,81,75
426,96517898,347,80,78,70
427,b81e3de8,347,80,78,70
428,bac0ef98,347,80,78,70
429,0fcc9a43,347,80,78,70
430,2d20ba0b,347,80,78,70
431,b0e1c584,351,80,78,70
432,5d743383,351,80,78,70
433,3ba43704,351,80,78,70
434,7564453f,351,80,78,70
435,aae4e4ab,351,80,78,70
436,7d9f5530,356,81,79,71
437,24ccd73c,356,81,79,71
438,f88e0161,356,81,79,71
439,80532376,356,81,79,71
440,4ead4f58,356,81,79,71
441,5b231c68,356,81,79,71
442,5b5a95ea,357,81,79,71
443,596cfd27,357,81,79,71
444,71d4f1ce,357,81,79,71
445,db4afc87,357,81,79,71
446,66f011ae,357,81,79,71
447,2605bf7e,357,82,79,71
448,7a01b19b,357,82,79,71
449,5603c4d0,357,82,79,71
450,371bfebd,358,82,79,72
451,4cfd55c1,358,82,79,72
452,b54f6b77,358,82,79,72
453,c05e2ad1,359,82,79,72
454,4ed93d20,359,83,79,72
455,e222d38b,359,83,79,72
456,31d22618,359,83,79,72
457,473b46f5,359,83,79,72
458,9872b497,359,83,79,72
459,6424d02b,359,83,79,72
460,462d426c,360,83,79,72
461,39cb08fc,360,83,79,72
462,3e405c3e,360,83,80,72
463,7fe52435,360,83,80,72
464,35c87743,362,83,80,72
465,7721b869,362,83,80,72
466,040030da,362,83,80,72
467,c759eb34,362,83,80,72
468,9c042a2b,362,83,80,72
469,7c53ef10,362,83,80,72
470,8df704e6,362,83,80,72
471,fdf6eb9c,362,83,80,72
472,f6509930,362,83,80,72
473,a0b25ec4,362,83,80,72
474,eaa32f28,362,83,80,72
475,02c8706c,362,83,80,72
476,7edb3f8d,362,83,80,72
477,88badbd5,362,83,80,72
478,5b8dac3d,362,83,80,72
479,a11c7bee,362,83,80,72
480,ece1395b,362,83,80,72
481,4d6f2d56,362,83,80,72
482,e35d67af,362,83,80,72
483,0e163e36,362,83,80,72
484,b0dd31e6,362,83,80,72
485,7ba1ad2d,362,83,80,72
486,f6777f1e,362,83,80,72
487,e87a4117,362,83,80,72
488,d2bc6ace,362,83,80,72
489,6a20ca56,362,82,79,72
490,a9cac052,362,82,79,72
491,bbdbfbeb,362,82,79,72
492,836461e6,362,82,79,71
493,8573c266,362,82,79,71
494,fbde2c84,362,82,79,71
495,6cd3fc92,362,82,79,71
496,3d310406,362,82,79,71
497,f6a1a2fe,362,82,79,71
498,6f74e9fc,362,82,79,71
499,529edd6b,362,82,79,72
500,5db5b9f4,362,82,79,72
501,d964f10b,362,82,79,72
502,f6d4654d,362,82,79,72
503,b4986429,362,82,79,72
504,10754b08,362,82,79,72
505,fcf3697e,362,82,79,72
506,911d800f,362,82,79,72
507,04cfacec,362,82,79,72
508,a7f9db64,362,82,79,72
509,2642eca9,362,82,79,72
510,c9be7bde,362,82,79,72
511,797cb66d,362,82,79,72
512,d22ffa8c,362,82,79,72
513,c59945ee,362,82,79,72
514,723e47a5,362,82,79,72
515,b816ed5c,363,82,79,73
516,a005dc2c,365,82,80,73
517,e5737e30,365,82,80,73
518,dfab8227,365,82,80,73
519,2a79ffdc,365,82,80,73
520,eef24a7b,365,82,80,73
521,5fa3e40a,365,82,80,73
522,5e4343b4,365,82,80,73
523,7b1aac5b,365,82,80,73
524,be3c4b01,365,82,80,73
525,013e7699,365,82,80,73
526,2301b0b1,365,82,80,73
527,216dda3f,366,82,80,74
528,ab57fa86,366,82,80,74
529,918e2a68,366,82,80,74
530,a8b9b01f,366,82,80,74
531,dbbb3411,366,82,80,74
532,bb3a3785,366,82,80,74
533,d3881947,366,82,80,74
534,23d2799d,366,82,80,74
535,45ae8f6a,366,82,80,74
536,8d3347bb,366,82,80,74
537,eef6c02b,366,83,80,74
538,34103c6b,366,83,80,74
539,e696b4ca,366,83,80,74
540,9ebb95c6,366,83,80,74
541,4ba24533,366,83,80,74
542,dc5bb203,366,83,80,74
543,eaa75a70,366,83,80,74
544,b7e54082,366,83,80,74
545,03d7cf31,366,83,80,74
546,cb550091,366,84,80,74
547,10bc2480,366,84,80,74
548,44769b7c,366,84,80,74
549,6185e439,366,84,80,74
550,c7075c16,366,84,80,74
551,b5140085,366,84,80,74
552,7639f9b7,366,84,80,74
553,2881d585,366,84,80,74
554,40fdcc43,366,84,80,74
555,18824606,366,84,80,74
556,bd6b89f7,366,86,81,74
557,d1acef1e,366,86,81,74
558,5718e27f,366,86,81,74
559,a8a4bbc3,363,87,81,71
560,3e0f854c,364,87,81,71
561,b4940d25,364,87,81,71
562,dc4acde3,364,87,81,71
563,fb03652e,364,87,81,71
564,ecc74f22,364,87,81,71
565,bcc59ac4,364,87,81,71
566,10a245e7,364,87,81,71
567,6191bf9c,364,87,81,71
568,66158ffc,364,87,81,71
569,4c51ddd2,364,87,81,71
570,a372643c,364,87,81,71
571,596f9db8,364,87,81,71
572,5c6864e8,366,88,82,72
573,32829aeb,366,88,82,72
574,116cfce6,366,88,82,72
575,28fa384b,366,88,82,72
576,2cdb7bc0,366,88,82,72
577,b7d11f13,366,88,82,72
578,32e4c405,372,89,83,74
579,9a49629d,372,90,83,74
580,463910da,372,90,83,74
581,26364afd,372,90,83,74
582,40d4a350,372,90,83,74
583,9433f4d6,372,90,83,74
584,74fa3ed3,374,90,83,74
585,ad5a4dde,374,90,83,74
586,101652d7,374,90,83,74
587,d14a8afa,374,90,83,74
588,d7984e99,372,90,83,74
589,71ece4e3,372,90,83,74
590,ded270fa,372,90,83,74
591,afeabd0b,372,90,83,74
592,7e5bfb5d,372,90,83,74
593,ef9e6d36,372,90,83,74
594,5be8ef9f,372,90,83,74
595,8cc2638b,372,90,83,74
596,477024e3,372,90,83,74
597,84a5c1ea,372,90,83,74
598,a7cce9cd,372,90,83,74
599,493464ba,372,90,83,74
600,3406e77c,372,90,83,74
601,e59b4139,372,92,83,74
602,4b85407f,372,93,84,74
603,17497754,372,93,84,74
604,ec662cc0,372,93,84,74
605,a7ad295f,373,93,84,74
606,5ef421e7,373,93,84,74
607,c2d58306,374,93,84,74
608,6c8f49c3,374,93,85,75
609,b2f90a21,374,93,85,75
610,d9ec6294,374,93,85,75
611,c68787aa,374,93,85,75
612,dbb7df74,374,93,85,75
613,66c9f2f8,378,93,85,74
614,13d7f10b,378,93,85,74
615,6e15e3dd,378,93,85,74
616,09013223,378,93,85,74
617,9f864447,378,94,85,74
618,d0eb836c,379,95,85,75
619,bcbc0dd7,379,95,85,75
620,ef1866ae,379,95,85,75
621,5cdba038,378,95,85,75
622,83ad15b9,378,95,85,75
623,d9d9304f,378,95,85,75
624,88ba980f,376,95,85,75
625,57a21bed,376,95,85,75
626,8aeb589a,376,95,85,75
627,81deb833,376,95,85,75
628,f0c56ce1,376,95,85,75
629,c772e7c3,376,95,85,75
630,26ed029d,377,95,85,75
631,150defd2,377,95,85,75
632,d5ff6a7c,377,95,85,75
633,87499355,377,95,85,75
634,d36cea07,377,95,85,75
635,47b3a81b,379,95,85,76
636,6257b782,383,96,85,76
637,5ca050ff,383,96,85,76
638,64479a11,383,96,85,76
639,497b4a4f,383,96,85,76
640,668e84a9,383,96,85,76
641,5205a183,383,96,85,76
642,d515fe86,383,96,85,76
643,288aa36a,383,96,85,76
644,2daa54a2,383,96,85,76
645,ec481159,383,96,85,76
646,a9fc276a,383,96,86,76
647,2d078507,383,96,86,76
648,751c56f3,394,97,86,78
649,1b32c1cc,394,97,86,78
650,953779cc,394,97,86,78
651,c087bbe8,394,97,86,78
652,0a1bc874,395,97,86,79
653,e0d20af7,395,97,86,79
654,98df1b34,395,97,86,79
655,48979ab6,395,97,86,79
656,636bfe84,344,79,71,73
657,d5bd77cc,323,77,69,70
658,f75abbaa,323,77,69,70
659,a18e58b3,324,77,69,70
660,eb68891a,324,77,69,70
661,65039ff2,324,77,69,70
662,eaf12412,324,77,69,70
663,8e589b5a,324,77,69,70
664,be3b779c,324,77,69,70
665,c2786038,326,77,69,70
666,bb24b56c,327,77,69,70
667,2d6f61b3,327,77,69,71
668,626989c5,327,77,69,71
669,a547c1cc,327,77,69,71
670,4d26acd6,327,77,69,71
671,a59679b0,327,77,69,71
672,b0c8255c,327,77,69,71
673,a60e5427,327,77,69,71
674,8af925a0,328,77,69,71
675,38005826,328,77,69,71
676,d1c7bde0,328,77,69,71
677,86134d32,328,77,69,71
678,662ded38,328,77,69,71
679,597f0201,328,77,69,71
680,eded8080,328,77,69,71
681,3bc8c307,328,77,69,70
682,7b145fd4,329,77,69,70
683,f64b96e3,329,77,69,70
684,60bd8f34,329,77,69,70
685,8e4c139c,329,77,69,70
686,22926f00,329,77,69,70
687,adef9d69,330,77,69,70
688,891c69f8,330,77,69,70
689,0f2147ae,330,77,69,70
690,384f8a4f,330,77,69,70
691,e846ed64,330,77,69,70
692,abde45bb,330,77,69,70
693,41e570d8,330,77,69,70
694,701920c6,330,77,69,70
695,733abdca,330,77,69,70
696,7ed7c6db,333,77,69,71
697,893de86e,333,77,69,71
698,96d08cc6,330,76,68,71
699,21627bca,330,76,68,71
700,3d84af2a,329,75,67,71
701,0c6b82ae,329,75,67,71
702,7c931f34,329,75,67,71
703,622d4041,329,75,67,71
704,dcb0d185,329,75,67,71
705,8e62bb69,329,75,67,71
706,265780fa,329,75,67,71
707,3b458404,328,75,67,71
708,cccce2b1,328,75,67,71
709,c4aff14e,327,75,67,71
710,2121aaad,327,75,67,71
711,d5f35f3c,327,75,67,71
712,a7fdd36f,327,75,67,71
713,296b6b2f,327,75,67,71
714,0d7cebba,327,75,67,71
715,57169d42,327,75,67,71
716,edf00750,328,75,67,71
717,4709f007,328,75,67,71
718,98e93322,328,75,67,71
719,811856e1,328,75,67,71
720,83010f7e,328,75,67,71
721,5df22573,328,75,67,71
722,00d2abef,329,75,67,70
723,33d357db,326,75,67,70
724,edd8786a,326,75,67,70
725,b9590b5e,326,75,67,70
726,f1f695b4,326,75,67,70
727,bbb9c388,326,75,67,70
728,c56609a0,326,75,67,70
729,1e7481d5,326,75,67,70
730,90c995dd,326,75,67,70
731,fc7392a9,326,75,67,70
732,4ae45946,326,75,67,70
733,b43f0f59,326,75,67,70
734,a7c13826,327,75,67,70
735,37709243,327,75,67,70
736,cb9be997,327,75,67,70
737,63523f45,327,75,67,70
738,b970f0dc,327,75,67,70
739,5f538b1b,327,75,68,70
740,a82bf74c,327,75,68,70
741,aa5791a1,327,75,68,70
742,297001de,327,75,68,70
743,9051ae3a,326,76,68,70
744,fe5e5a07,326,76,68,70
745,514df4ee,326,76,68,70
746,de4b21e9,326,76,68,70
747,70365769,326,76,68,70
748,bc803b4f,326,76,68,70
749,01ff81fa,326,76,68,70
750,3f6cd467,326,76,68,70
751,04ad93e8,326,76,68,70
752,03ac38fd,326,76,68,70
753,fdb2eff9,326,76,68,70
754,088e0b5a,326,76,68,70
755,4049da97,326,76,68,70
756,df7e3f55,327,76,68,70
757,53b66fb2,327,76,68,70
758,66096e97,322,74,67,67
759,dea8238c,322,74,67,67
760,6709518c,322,74,67,67
761,811559f3,322,74,67,67
762,b0d736b4,322,74,67,67
763,d848ab3d,322,74,67,67
764,c2d02e4e,322,74,67,67
765,c75a56ca,322,74,67,67
766,f6c9c496,322,74,67,67
767,ad5525f5,322,74,67,67
768,e8b261c1,322,74,67,67
769,79b69764,322,74,67,67
770,b078c920,323,74,67,67
771,d4f86899,323,74,67,67
772,1d39bb4d,323,74,67,67
773,070cb5b2,322,74,67,68
774,2908418d,322,74,67,68
775,ac01bb86,322,74,67,68
776,26701675,323,74,67,68
777,6aa9be23,323,74,67,68
778,b2bdb149,323,74,67,68
779,2b5458da,323,75,67,68
780,9578ad3e,324,75,67,68
781,e40aa540,324,75,67,68
782,11a8d637,324,75,67,68
783,3fb68c52,324,75,67,68
784,5ff46911,324,75,67,68
785,a8c317e3,324,75,67,68
786,a36b06c6,324,75,67,68
787,97b5b415,329,77,68,68
788,8d669ff5,329,77,68,68
789,63deef42,329,77,68,68
790,400ec7b8,329,77,68,68
791,b69fc265,329,77,68,68
792,4429a615,329,77,68,69
793,84af9f56,329,77,68,69
794,ef148077,329,77,68,69
795,be6aaa15,329,77,68,69
796,720e6a6d,329,77,68,69
797,87eb6bed,329,77,68,69
798,d531d82c,329,77,68,69
799,6cdd6a01,329,77,68,69
800,d1f5577c,329,77,68,69
801,b657ffc5,329,77,68,69
802,7ba3b3a9,329,77,68,69
803,a0ead022,330,77,68,69
804,d0cdbeff,331,77,68,69
805,ef369fc4,331,77,68,69
806,a6ef805a,331,77,68,69
807,671a14ce,331,77,68,69
808,09493691,331,77,68,69
809,294f09a1,330,78,69,69
810,30b34b97,330,78,69,69
811,e7a8da82,330,78,69,69
812,52ac24fa,330,78,69,69
813,6722e054,330,78,69,69
814,fe50a6f6,330,78,69,69
815,ff171837,330,78,69,69
816,65dffdf9,330,78,69,69
817,e6bd3f26,330,78,69,69
818,f0cf552b,330,78,69,69
819,ed04721f,330,78,69,69
820,892dadca,331,82,71,69
821,23445553,332,82,71,70
822,c4d6ccd0,332,82,71,70
823,2e2f22fb,332,82,71,70
824,141506af,332,82,71,70
825,2704ab3d,332,82,71,70
826,a6bd64f3,333,82,71,70
827,e7d80b82,332,82,71,70
828,95ba62f8,332,82,71,70
829,f6fa056f,332,82,71,70
830,61fadb4d,332,82,71,70
831,ca8ad830,332,82,71,70
832,ee60d7de,332,82,71,70
833,c987e8a5,332,82,71,70
834,cfa56cb3,332,82,71,70
835,9f6fde9a,332,82,71,70
836,cf998e2f,332,82,71,70
837,30061831,332,82,71,71
838,e61dc78c,332,82,71,71
839,1fccaf06,328,81,70,70
840,6194b3ab,328,81,70,70
841,08ca383f,328,81,70,70
842,7d298961,328,81,70,70
843,910ad2a4,328,81,70,70
844,49f8501a,328,81,70,70
845,8ac8dd81,328,81,70,70
846,fefcfb5b,328,81,70,70
847,9c9dfe0b,328,81,70,70
848,f9cd7cb9,328,81,70,70
849,d657d444,328,81,70,71
850,0d20790f,328,81,70,71
851,df602054,328,81,70,71
852,9def68a7,328,81,70,71
853,e48b1d98,328,81,70,71
854,5f0470d6,328,81,70,71
855,6f2c0f4e,328,81,70,71
856,2ee870e0,328,81,70,71
857,3867591f,328,81,70,71
858,679f3758,328,81,70,71
859,4ac1409a,328,81,70,71
860,3c8cf68a,328,81,71,71
861,45c82131,328,81,71,71
862,45e54c17,328,81,71,71
863,6915b39d,328,81,71,71
864,07480846,328,81,71,71
865,553e8134,328,81,71,71
866,b3b5c9b0,328,81,71,71
867,2eeb4ebd,328,81,71,71
868,f4064038,328,81,71,71
869,1ff8b43a,328,81,71,71
870,300f38ee,328,81,71,71
871,a2ceaa91,328,81,71,71
872,39e546b6,328,81,71,71
873,15cf7a23,328,81,71,71
874,36295409,328,81,71,71
875,2a0e8d4e,328,81,71,71
876,48d33ec7,329,81,71,71
877,8d45901a,329,81,71,71
878,0cb97e40,329,81,71,71
879,8ec7ee66,329,81,71,71
880,2432a7cb,329,81,71,71
881,4dcf2190,329,81,71,71
882,b55fd0c0,329,81,71,71
883,c1ab9f29,329,81,71,71
884,09bbf116,329,81,71,71
885,42c2b6b7,329,81,71,71
886,b1c0a78c,329,81,71,71
887,2a3130c6,329,81,71,71
888,8875b964,329,81,71,71
889,34b84b0e,329,81,71,71
890,5706e5f6,329,81,71,71
891,9283e2a7,329,81,71,71
892,72682a67,329,81,71,71
893,f6255f8a,329,81,71,71
894,23ddf8bc,329,81,71,71
895,0072dd81,329,81,71,71
896,a6a993ff,329,81,71,71
897,77b6d1d8,329,81,71,70
898,747aa2e3,329,81,71,70
899,457b5693,329,81,71,70
900,1884c421,329,81,71,70
901,477a24ef,329,81,71,70
902,ac7c8cb6,330,81,71,70
903,03cd2f37,330,81,71,70
904,65284ba2,332,81,71,71
905,f251e2fd,332,81,71,71
906,af055f75,332,81,71,71
907,2cded30f,332,81,71,71
908,cb92d22e,332,81,71,71
909,194e6cbf,336,81,71,72
910,e955e41a,336,81,71,72
911,4f407e18,336,81,71,72
912,0186a036,336,81,71,72
913,9af288a4,336,81,71,72
914,484665af,336,81,71,72
915,a26b4f31,336,81,71,72
916,dfb68c63,337,81,71,72
917,b8b21a33,343,81,71,74
918,16836310,343,81,71,74
919,c08791f8,343,81,71,74
920,c5811eb0,343,81,71,74
921,e77d1d01,343,81,71,74
922,9f441d8b,343,81,71,74
923,ef861a6b,347,83,71,76
924,423ee159,347,83,71,76
925,fdb0c14a,347,83,71,76
926,38fe6860,347,83,71,76
927,4bbbf186,347,83,71,76
928,76cfbe6a,347,83,71,77
929,32e26a6b,347,83,71,77
930,6ed89ad4,347,83,71,77
931,99af6df0,347,83,71,77
932,7719dcd7,347,83,71,77
933,4e6087ee,347,83,71,77
934,dc6ef326,344,83,71,75
935,07ab5dcf,344,83,71,75
936,d1e404c1,344,83,71,75
937,de8ffaf5,347,83,71,75
938,04781e03,347,83,71,75
939,3d31c38f,347,83,71,75
940,91c25636,347,83,71,75
941,39f344c1,347,83,71,75
942,959eb0e7,348,83,71,75
943,a44d30bb,348,83,71,75
944,d72de60b,348,83,72,75
945,8c5fdf4a,349,83,72,75
946,860d8058,349,83,72,75
947,6d3d9fd8,351,83,72,75
948,d4547c62,351,83,72,75
949,566ae944,351,83,73,75
950,ee1d50f8,353,83,73,75
951,7cb2010d,353,83,73,75
952,37af7f5a,353,83,73,76
953,8b19d353,353,83,73,76
954,ff8d7433,355,83,73,76
955,6611e7db,355,83,73,76
956,f10699d5,355,83,73,76
957,8223418b,355,83,73,76
958,f3cc8d12,355,83,73,76
959,cacb5a54,355,83,73,76
960,05d07b03,355,83,73,76
961,4bb1baa9,328,79,70,67
962,96710fde,328,79,70,67
963,879191c4,328,79,70,67
964,61bb9d0f,328,79,70,67
965,f2018e2f,329,79,70,67
966,5f986ef4,329,79,70,67
967,7977edd5,329,78,70,67
968,9f8e5cb2,329,78,70,67
969,23b8b81e,329,78,70,67
970,df4ece8c,329,78,70,67
971,ee26d552,328,78,70,67
972,fbea92e6,328,78,70,67
973,a6d84f59,328,78,70,67
974,c0a7dc32,328,78,70,67
975,b1d1f1ff,328,78,70,67
976,e2992568,328,78,70,67
977,98bc8285,338,78,70,68
978,2bd9a634,338,78,70,68
979,12ef12f7,338,78,70,68
980,d12c7578,338,78,70,68
981,4a9c7d67,338,78,70,68
982,75ee01a6,338,78,70,68
983,ac27b455,338,78,70,68
984,0adb2edb,338,78,70,68
985,b3afca25,339,78,70,68
986,7c5f0fe4,339,78,70,68
987,e1226626,339,78,70,68
988,01b3d42c,339,78,70,68
989,c1054447,339,78,70,68
990,1ee2f80e,340,78,70,68
991,c18904eb,340,78,70,68
992,6d509a5e,340,78,70,68
993,f6c58ff3,340,78,70,68
994,ee33ee45,340,78,70,68
995,14237317,340,78,70,68
996,57ee1bdc,344,78,70,70
997,1bdce4c7,344,78,70,70
998,a012e0f1,344,78,70,70
999,92aa91d7,344,78,70,70
1000,12bacbbc,344,78,70,70
1001,c7f765d0,344,78,70,70
1002,92fd9af2,344,78,70,70
1003,29e981d2,344,78,70,70
1004,e1f3fee4,344,78,70,70
1005,c989d3a9,344,78,70,70
1006,7833cb1c,344,78,70,70
1007,96fc16dd,344,78,70,70
1008,5fb80c39,345,78,71,72
1009,311520d1,345,78,71,72
1010,3f9034b4,345,79,71,72
1011,2259ef67,344,78,71,71
1012,de71a1ce,344,78,71,71
1013,91aada27,344,78,71,71
1014,a3107bc5,344,78,72,72
1015,965d7303,342,78,72,71
1016,51656552,342,78,72,71
1017,27e92cd5,343,78,72,71
1018,fd569a95,343,78,72,71
1019,9c0bbe9b,343,78,72,71
1020,22ea5e66,343,78,72,71
1021,1a18387f,343,79,72,71
1022,70c344b0,343,79,72,71
1023,04ae1581,343,79,72,71
1024,a2d10d49,343,79,72,71
1025,c40935ae,343,79,72,71
1026,46ccee8f,343,79,72,71
1027,19abe7a2,344,79,72,71
1028,7b1093fb,344,79,72,71
1029,8d0e5b23,344,79,72,71
1030,7437acfc,344,79,72,71
1031,a5c5f65d,344,79,72,71
1032,4a2e076c,344,79,73,71
1033,a05c367c,344,79,73,71
1034,acae0650,344,79,73,71
1035,6f1a9fbf,345,79,73,72
1036,c0552bdc,345,79,73,72
1037,d79444d1,345,79,73,72
1038,58028aa9,345,79,73,72
1039,f09b45c0,345,79,73,72
1040,ef64f5d9,345,79,73,72
1041,4c00e89f,345,79,73,72
1042,4e74001b,345,79,73,72
1043,b609162b,345,79,73,72
1044,07285d81,345,79,73,72
1045,8c25be6d,345,79,73,72
1046,9f0d5f8e,345,79,73,72
1047,f62f7b8f,345,79,73,72
1048,9acae60d,345,79,73,72
1049,b7859793,345,79,73,72
1050,800e450e,345,79,73,72
1051,1ef1e9b2,345,79,73,72
1052,d97695ad,345,79,73,72
1053,0c72bb21,345,79,73,72
1054,e12bdd9f,345,79,73,72
1055,113ea1bb,345,79,73,72
1056,38e6649a,345,79,73,72
1057,3117341f,346,79,73,73
1058,11dbbebb,346,79,73,73
1059,1ddd969f,346,79,73,73
1060,5d2c0056,346,79,73,73
1061,76e1a6b1,346,79,73,73
1062,2865ceef,346,79,73,73
1063,5ded04c5,346,79,73,73
1064,3f701365,346,79,73,72
1065,a3852766,346,79,73,72
1066,75928626,346,79,73,72
1067,aa28b936,347,79,73,72
1068,664f2849,347,79,73,72
1069,36ad3b24,347,79,73,72
1070,1517fa3d,346,79,73,72
1071,5bd37f6f,346,79,73,72
1072,62cc4d55,346,79,73,72
1073,b49d331c,346,79,73,72
1074,939d5835,346,79,73,72
1075,edbd586e,346,79,73,72
1076,1461da5b,346,79,73,72
1077,5900e01a,347,79,73,72
1078,0e478989,347,79,73,72
1079,4300a6ca,347,79,73,71
1080,14996269,347,79,73,71
1081,78b6879e,347,79,73,71
1082,b52d8547,348,79,73,71
1083,8079b5de,348,79,73,71
1084,02b74dfb,348,79,73,71
1085,6c29142b,349,79,73,71
1086,80c71350,349,79,73,71
1087,df23d8f7,349,79,73,71
1088,c85019fb,349,79,73,71
1089,b8ab5082,349,79,73,71
1090,7ae8d4c6,349,79,73,71
1091,49b46593,349,79,73,71
1092,d0f5bc34,349,79,73,71
1093,fdc82dd5,349,79,73,71
1094,31aed012,349,79,73,71
1095,ba5814a7,349,79,73,71
1096,fc812a30,349,79,73,71
1097,244cd422,349,79,73,71
1098,4bfd0a8c,349,79,73,71
1099,f36d80f6,349,79,73,71
1100,9d08e56d,349,79,73,71
1101,fcdc5f87,349,79,73,71
1102,c7a36ed4,349,79,73,71
1103,9d615a4f,349,79,73,71
1104,3ebd03f6,349,79,73,71
1105,2910b6ab,349,79,73,71
1106,dfa24f6d,350,79,73,71
1107,d56b4d26,350,79,73,71
1108,a49af607,350,79,73,71
1109,19ddee5e,350,79,73,71
1110,e5b041c8,350,79,73,71
1111,e85c47db,350,79,73,71
1112,a10ab7fe,350,79,73,71
1113,153523cf,350,79,73,71
1114,6a79a16e,350,79,73,71
1115,163b7be6,350,78,73,71
1116,4f447148,354,79,74,72
1117,269616f3,355,79,74,72
1118,5b5d4244,355,79,74,72
1119,8ed54c24,355,79,74,72
1120,d9979f8d,355,79,74,73
1121,908fba44,356,79,74,73
1122,61764c5b,356,79,74,73
1123,9503fca2,356,79,74,73
1124,289cfdf2,357,79,75,75
1125,f3292f67,357,79,75,75
1126,a3efa21d,357,79,75,75
1127,ba5cd199,357,79,75,75
1128,7d6aa6c0,357,79,75,75
1129,7709cd1b,357,79,75,75
1130,38cae95e,357,79,75,75
1131,46b58ce7,357,79,75,76
1132,0de24218,360,79,75,76
1133,042af200,360,79,75,76
1134,0250896a,360,79,76,76
1135,7bd08d63,361,79,76,76
1136,807c485a,361,79,76,76
1137,1e75638b,361,79,76,76
1138,cd28afe9,361,79,76,76
1139,575f5b40,361,79,76,76
1140,b40f0bc5,361,79,76,76
1141,10799413,361,79,76,76
1142,3d30b9c0,361,79,77,76
1143,4f08801b,377,82,78,81
1144,42b2e60a,377,82,78,81
1145,c050bb58,377,82,78,81
1146,8efe5dc9,377,82,79,81
1147,cc1eac14,377,82,79,82
1148,243b7455,377,82,79,82
1149,f270fc00,378,82,79,82
1150,bbb2033d,379,82,79,82
1151,2cb45d4f,379,82,79,82
1152,7c48f27e,379,82,79,82
1153,c045b4d0,379,82,79,82
1154,ad5945f1,381,82,79,82
1155,e151b833,381,82,79,82
1156,a7680167,381,82,79,82
1157,31362e4c,381,82,79,82
1158,b31b0e97,381,82,79,82
1159,4e661c16,381,82,79,82
1160,de05a10a,381,82,79,82
1161,a47638dd,381,82,79,82
1162,ab2a655a,381,82,79,82
1163,eccc7d5e,385,82,79,85
1164,07187576,385,82,79,85
1165,bc42352f,385,82,79,85
1166,ed5ffd65,385,82,79,85
1167,2442e1fb,388,82,80,88
1168,77a79388,389,80,77,88
1169,4822517d,389,80,78,88
1170,38aeba43,389,80,78,88
1171,2d5883cc,390,80,78,88
1172,0c8dfd96,390,80,78,88
1173,c69e77d2,390,80,78,88
1174,686b59c3,392,80,78,88
1175,85160ae3,392,80,78,88
1176,d96ffe91,393,80,78,88
1177,f6fa6ea4,395,83,80,89
1178,3afe4da5,396,83,80,89
1179,8db2a217,396,83,80,89
1180,5a5a892c,396,83,80,89
1181,e93eb16d,396,83,80,89
1182,e52daa96,397,83,80,89
1183,09cdc1c3,397,83,80,89
1184,5b9dc45b,397,83,80,89
1185,0a660081,397,83,80,89
1186,aef4704f,397,84,80,89
1187,f49f3e16,397,84,80,89
1188,4b87f63b,397,84,80,89
1189,08d7125c,396,83,80,89
1190,ff081240,397,83,80,89
1191,3c95d6a2,397,83,80,90
1192,cd7b84e8,398,83,80,90
1193,a2011e01,398,83,80,90
1194,2372f481,398,83,80,90
1195,e3948115,398,83,80,90
1196,f82ceb1e,398,83,80,90
1197,589dbce8,399,83,80,89
1198,20b6688b,399,83,80,89
1199,8def6f59,399,83,80,89
1200,95bb02b3,399,83,80,89
1201,25246902,400,83,81,89
1202,770bac25,401,83,81,89
1203,3ec95f4e,401,83,81,89
1204,eb4f4f99,401,83,81,89
1205,ed96d161,401,83,81,89
1206,94a77b69,403,83,81,90
1207,5f574013,403,83,81,90
1208,121e548d,405,83,81,90
1209,27152128,405,83,81,90
1210,a68c00cd,405,83,81,90
1211,dbb2ae69,405,83,81,90
1212,b5b36215,405,84,81,90
1213,a1299a3d,405,84,81,90
1214,69fad80b,405,84,81,90
1215,4fe7cbcc,405,84,81,90
1216,8dfac512,405,84,81,90
1217,32acd88b,405,84,81,90
1218,aa68667d,405,84,81,90
1219,8cce3d6c,406,84,81,91
1220,b9b91db5,406,84,81,91
1221,d0b29fe3,406,84,81,91
1222,2cbcc8dd,406,84,81,91
1223,3479f2a9,406,84,81,91
1224,cfdf6b01,406,84,81,92
1225,6d0829f3,406,84,81,92
1226,f301138e,406,84,81,92
1227,91344170,406,84,81,92
1228,fd9266db,406,84,81,92
1229,a59912db,406,84,81,92
1230,ecaaeb52,408,84,81,94
1231,3a5938b2,408,84,81,94
1232,c96014bb,408,84,81,94
1233,76163915,408,84,81,94
1234,832914bf,408,84,81,94
1235,097071a9,408,84,81,94
1236,31fd1966,408,84,81,94
1237,9bb86ea8,409,84,81,95
1238,2f43af0b,409,84,81,95
1239,485f9041,409,84,81,95
1240,1c2733eb,409,84,81,95
1241,ab9aa15b,409,84,81,95
1242,2288c5d6,409,84,81,95
1243,ce288826,409,84,81,95
1244,efe5b573,409,84,81,95
1245,d9c2cc9d,409,84,81,95
1246,1f3adc21,409,84,81,95
1247,48bd9a20,409,84,81,95
1248,f01f5ab3,409,84,81,95
1249,86e17eae,409,84,81,95
1250,55ae6b20,409,84,81,95
1251,d3978383,409,84,81,95
1252,1bcecd7b,409,84,81,95
1253,67c20572,409,84,81,95
1254,64662d84,409,84,81,95
1255,3b02bd39,409,84,81,95
1256,f66f0218,409,84,81,95
1257,06c7c4a9,409,84,81,95
1258,735ad0d4,409,84,81,95
1259,1af53bce,410,84,81,95
1260,c657c7c6,410,84,81,95
1261,99fcfde3,411,84,81,96
1262,aa116e5d,411,84,81,96
1263,5c1c580b,411,84,81,96
1264,9e8ebd46,411,84,81,96
1265,7a783743,411,84,81,96
1266,31ebed11,411,84,81,96
1267,542a8509,411,84,81,96
1268,a127499e,411,84,81,96
1269,5a7c8fe2,411,84,81,96
1270,5b8bc333,412,84,81,96
1271,28cbfa14,412,84,81,96
1272,c9a47a12,412,84,81,96
1273,80b88985,412,84,81,96
1274,7180636d,412,84,81,96
1275,6371ed7d,412,84,81,96
1276,425744e0,428,84,81,104
1277,c4d17860,428,84,81,104
1278,c737b36d,428,84,81,104
1279,a512c79f,428,84,81,104
1280,1f49eb0b,428,84,81,104
1281,a0d48487,428,84,81,104
1282,abf18555,428,84,81,104
1283,31d94b19,428,84,81,104
1284,22ed71e2,430,85,81,105
1285,4422a4c4,430,85,81,105
1286,bc4543a5,430,85,81,105
1287,4c348406,431,85,81,106
1288,cf5ed1d1,433,85,81,107
1289,504a5458,433,85,81,107
1290,d0bf743a,433,85,81,107
1291,34ed85a4,433,85,81,107
1292,0f6beeb2,433,86,81,107
1293,a61f3a93,433,86,81,107
1294,af3599fe,433,86,81,107
1295,523a8b4c,433,86,81,107
1296,6314c246,432,86,81,106
1297,ee2fabb9,432,86,81,106
1298,8b03b914,434,86,81,107
1299,bd962ba6,434,86,81,107
1300,f64e6364,435,86,81,107
1301,087b4e6f,435,86,81,107
1302,c15a612b,435,86,81,107
1303,7df3b5c3,435,86,81,107
1304,05e413a7,435,86,81,107
1305,a754ebac,435,86,81,107
1306,1b593c4d,435,86,81,107
1307,a14b73bc,435,86,81,107
1308,18d8e9dc,435,86,81,107
1309,4f9d9c13,435,86,81,107
1310,c3cb5a3e,435,86,81,107
1311,3fa21465,435,86,81,107
1312,8a8a4d64,435,86,81,109
1313,9077bb65,436,86,81,109
1314,1f4aa5d9,436,86,81,109
1315,1578da40,436,86,81,109
1316,ad01f19d,436,86,81,109
1317,8d533e8a,436,86,81,109
1318,e0488fa8,436,86,81,109
1319,503b023e,436,86,81,109
1320,ae05ce05,437,87,81,109
1321,eb449100,437,87,81,109
1322,81fd17b0,437,87,81,109
1323,ed9d9aa3,438,87,81,109
1324,6c9120a5,438,87,81,109
1325,e63847f7,438,87,81,109
1326,bbb05a57,438,87,81,109
1327,b09675dc,439,87,81,110
1328,1587a381,439,87,81,110
1329,cc3a1dbe,439,87,81,110
1330,d9f966d8,446,87,81,111
1331,4708d310,446,87,81,111
1332,caa6495e,446,87,81,111
1333,2fc00224,446,87,81,111
1334,5d54e369,446,87,81,111
1335,648da2e6,446,87,81,111
1336,9a092613,446,87,81,111
1337,69ecf8b6,446,87,81,111
1338,0a3d187e,447,87,81,110
1339,019c844d,447,87,80,109
1340,bad45de7,447,87,80,109
1341,3a52c2f7,447,87,80,109
1342,5c760d1e,447,87,80,109
1343,1eee7f38,447,87,80,109
1344,27ee6359,447,87,80,109
1345,c38f07a7,447,87,80,109
1346,4c897823,447,87,80,109
1347,56352609,447,87,80,109
1348,53a3df5d,447,88,81,109
1349,69b8b0f4,447,88,81,109
1350,a4eea0ae,446,87,80,109
1351,12353588,446,87,80,109
1352,ae5bc209,446,87,80,109
1353,0b593bd6,446,87,80,109
1354,c37a0afb,448,88,81,109
1355,5649df57,448,88,81,109
1356,5d1d927e,448,88,81,110
1357,9a8e0334,448,88,81,110
1358,f63ee315,450,88,81,110
1359,9237dafe,449,88,81,110
1360,8b0daf48,449,88,81,110
1361,b0a06044,449,88,81,110
1362,62526444,449,88,81,110
1363,e11589f3,449,88,81,110
1364,f0f62ce0,449,88,81,110
1365,3f8c03db,449,88,81,110
1366,a76824e3,448,88,81,110
1367,ca7a7467,448,88,81,110
1368,9a80fedf,450,88,81,110
1369,d442acf2,450,88,81,110
1370,b7eacc36,450,88,81,110
1371,835a81c1,450,88,81,110
1372,deada942,450,88,81,110
1373,517f3eb0,450,88,81,110
1374,5c5b882b,450,88,81,110
1375,bc4121c0,450,88,81,110
1376,cccefad0,450,88,81,110
1377,2c65be2a,450,88,81,110
1378,0a0ac357,450,88,81,110
1379,5966d200,450,88,81,110
1380,529303c5,450,88,81,110
1381,c59bfea4,450,88,81,110
1382,442f1d76,450,88,81,110
1383,5804e913,450,88,81,110
1384,2460ee80,450,88,81,110
1385,18427615,452,88,81,112
1386,14703aa1,452,88,81,112
1387,0660a291,452,88,81,112
1388,244a566e,452,88,81,112
1389,8c8b7bee,452,88,81,112
1390,2d15cd80,452,88,81,112
1391,9b206146,452,88,81,112
1392,c08ad0ca,452,88,81,112
1393,73e6aa72,452,88,81,112
1394,8fef3df1,452,88,81,112
1395,ca67c12d,453,88,81,112
1396,185f5a9e,453,88,81,112
1397,3a9dc8f4,453,88,81,112
1398,d487d809,453,88,81,112
1399,b8708f27,453,88,81,112
1400,e7fdf164,453,88,81,112
1401,6f8b859d,453,88,81,112
1402,4579c04a,454,88,82,112
1403,e31cbb52,454,88,82,112
1404,70825931,454,88,82,112
1405,c194fa67,454,88,82,112
1406,11c55185,454,88,82,112
1407,8f7a8dab,454,88,82,112
1408,b315c5f8,456,88,82,112
1409,db241484,456,88,82,112
1410,1feb43a0,456,88,82,112
1411,96a1ad63,456,88,82,112
1412,be96e949,456,88,82,112
1413,e6b4a8b5,456,88,82,112
1414,0ec79e66,456,88,82,112
1415,c14783d3,456,88,82,112
1416,f4a7887f,456,88,82,112
1417,b8fa68f9,456,88,82,112
1418,feb854b7,456,88,82,112
1419,f79719be,456,88,82,112
1420,49439a09,456,88,82,112
1421,4ff1b429,458,88,82,113
1422,dd9553e7,458,88,82,113
1423,ef4c4457,458,88,82,113
1424,2cdaf635,458,88,82,113
1425,3fe2851d,458,88,82,113
1426,8e2e85f4,458,88,82,113
1427,a62f1f3e,461,88,82,117
1428,8d454ba2,462,88,82,117
1429,92b3ae3f,462,88,82,117
1430,6804c02e,462,88,82,117
1431,6e0180db,462,88,82,117
1432,805d43c7,462,88,82,117
1433,cf51fbcd,462,88,82,117
1434,8e6d9989,462,88,82,117
1435,06ddf454,462,88,82,117
1436,e2d6f82c,464,88,82,117
1437,770ccf42,465,88,82,117
1438,bbd63f0f,465,88,82,117
1439,99a3e615,465,88,81,117
1440,53a98275,465,88,81,117
1441,93854763,465,88,81,117
1442,129b9a39,465,88,81,117
1443,87efccf6,465,88,81,117
1444,9bddd677,465,88,81,117
1445,b568174b,465,88,81,117
1446,17e5b3dd,465,88,81,117
1447,998bde08,465,88,81,117
1448,6b952f67,465,88,81,118
1449,ef3e7fe6,465,88,81,118
1450,ed99787c,465,88,81,118
1451,e44604b4,465,88,81,118
1452,7340d697,475,88,81,126
1453,598225f8,476,88,81,126
1454,d77a0c41,476,88,81,126
1455,c9e8a2ac,476,88,81,126
1456,b45ade46,476,88,81,126
1457,171fa4a7,476,89,81,126
1458,e5152338,476,89,81,126
1459,c095d724,476,89,81,126
1460,c9228ed2,476,89,81,126
1461,c69b94d7,476,89,81,126
1462,6567fcaf,476,89,81,126
1463,6b5e884b,476,89,81,126
1464,8e2db2c6,476,89,81,126
1465,33ff95af,476,89,81,126
1466,b5f1a1b4,476,89,81,126
1467,f9fb6761,476,89,81,126
1468,8266315f,476,89,81,126
1469,a0f4359f,476,89,81,126
1470,36bf5ee9,476,89,81,126
1471,8ceba0dc,476,89,81,126
1472,d0e0b851,477,89,81,126
1473,4695f932,477,89,81,126
1474,4c6af6af,477,89,81,126
1475,a2e674df,477,89,81,126
1476,70a0e110,478,89,81,126
1477,e340388a,478,89,81,126
1478,17cba798,478,89,81,126
1479,beb77c9b,478,89,81,126
1480,bba98cf1,478,89,81,126
1481,d994a862,478,89,81,126
1482,6839cc69,478,89,81,126
1483,38d77f8c,479,89,81,127
1484,73bf3719,479,89,81,127
1485,31986c44,480,89,81,127
1486,30929c3d,480,89,81,127
1487,d0ac9087,480,89,81,127
1488,37335bc6,480,89,81,127
1489,fa1d8c7b,480,89,81,127
1490,9505cb14,480,89,81,127
1491,8ee03857,480,89,82,127
1492,6d214d69,480,89,82,127
1493,b1db5c43,480,89,82,127
1494,5c6c4bfb,481,89,82,127
1495,a342029d,481,89,82,127
1496,4b06eeb7,481,89,82,127
1497,effdd525,481,89,82,127
1498,36183af2,481,89,82,127
1499,51c18cd9,481,89,82,127
1500,b8b4cbbb,481,89,82,127
1501,8a8a6d55,481,89,82,127
1502,02981f61,481,89,82,127
1503,e7fdea88,481,89,82,127
1504,2483a37d,481,89,82,127
1505,a04d8ec5,481,89,83,127
1506,619efea9,481,89,83,127
1507,0172eaea,481,89,83,127
1508,4e75f3de,481,89,83,127
1509,44775c2a,482,89,83,127
1510,dfe011c4,482,89,83,127
1511,282a7a51,482,89,83,127
1512,cf4f6dec,482,89,83,127
1513,16ed69da,482,89,83,127
1514,7ec6e00b,482,89,83,127
1515,5d43e6ff,482,89,83,127
1516,d1ef4456,482,89,83,127
1517,fdb98b1d,482,89,83,127
1518,1560e05e,482,89,83,127
1519,03f66b0c,482,89,83,127
1520,5833a6b9,482,89,83,127
1521,58ecc4f7,482,89,83,127
1522,c40eaaae,480,89,83,127
1523,a7446500,480,89,83,127
1524,7db5e63a,480,89,83,127
1525,e183fbd6,480,89,83,127
1526,8689e5cf,480,89,83,127
1527,b4113d57,481,89,84,127
1528,db1f7e09,481,89,84,127
1529,3b2b901d,481,89,84,127
1530,b33010a2,481,89,84,127
1531,9479ac63,481,89,84,127
1532,4a3e5b63,481,89,84,127
1533,51273587,481,89,84,127
1534,d150ac2d,481,89,84,127
1535,ebd6316d,486,89,84,130
1536,6dab568a,486,89,84,130
1537,73e5eb9e,486,89,84,130
1538,577f06fd,486,89,84,130
1539,151715dc,486,89,84,130
1540,526f28f4,487,89,84,130
1541,e6964f05,487,89,84,130
1542,cfa8c9aa,487,89,84,130
1543,8285ffe2,487,89,84,130
1544,a222de1d,487,89,84,130
1545,992b37b8,487,89,84,130
1546,6d9576c2,487,89,84,130
1547,84f97e96,488,89,84,130
1548,103221e5,488,89,84,130
1549,c0945831,488,89,84,130
1550,2b039bd0,488,89,84,130
1551,3ea19a51,488,89,84,130
1552,d9610ed0,489,89,84,130
1553,7589496b,489,89,84,130
1554,a90684aa,490,89,84,130
1555,d659bd04,490,89,84,130
1556,f0483530,490,89,84,130
1557,d3cae103,490,89,84,130
1558,f9716dfc,490,89,84,130
1559,22c27e4f,490,89,84,130
1560,aa00fe6a,490,89,84,130
1561,1a8017d1,490,89,84,130
1562,54437c1b,502,89,85,137
1563,f25eebb2,502,89,85,137
1564,f5a8c388,502,89,85,137
1565,34f3f3f7,502,89,85,137
1566,e1495ff8,502,89,85,137
1567,0828f187,502,89,85,137
1568,167d3580,503,89,85,137
1569,3f6ed7e1,503,89,85,137
1570,9d2fe162,503,89,85,137
1571,2a7f964c,503,89,85,137
1572,bc2dc946,207,29,32,44
