CommitSHA, TotalCommits, CreationTime
7f58547ebfafa9bde1f0d23d6a4ec055cbe07bfc, 488, 1411485403
ef71af4c90d56657f52dd6a068881ad1fa51c003, 487, 1411485394
51aa0e566fb121cd70bcccba2ae85e8b11312212, 486, 1411485377
95cbe81abf0c91754966995b56b0cdf63caf5695, 485, 1393612350
53cf2ed77fdfef276c9aeba15177c48aada80c9c, 484, 1393348724
94c034d5e9a5860f273fe9e40170dd73b4bd11c3, 483, 1393343378
00031c34915409b4e195e1dab4000356ee8f67f0, 482, 1393312882
f78c0f3e1bd51c30112924b94b7e38a35d680315, 481, 1393312759
f2e593b1e12abb886fffd1251acd52a068ee139a, 480, 1393309373
b74cca09c93bcf82f282138cb743110b009471ec, 479, 1393309344
c366c06f18b72095517679b7b1d91c73381377ef, 478, 1392823074
e2ba336edb87249e350548c88d4be21a2126485a, 477, 1392404786
cd836fd4fc9a3818a263f9e218880dfc9afb3824, 476, 1392319315
da95a27fb74cddceaee40e484cf125a060a83242, 475, 1392319296
59463c18e5f0ec655490981dd07815c8268a7d5c, 474, 1392318451
07c3ab976159c3ff11ef5daeb6223d9082076db9, 473, 1392318432
061d7229ce88f8dfc4b576aaed7bcf5f3917381b, 472, 1392318405
1f025e8ef2ee6d99607c344a325896d985e55957, 471, 1392253067
0efebfda4ae5c12dfac725965689c28581509a6e, 470, 1392252903
df721175460e690ef81d9172fde49ed897f58d7e, 469, 1391813754
5a85eb96aadb06f517b95756730f67fe96f3b045, 468, 1391813501
fff202083c641cd4c96798e7ca1695e2f4ac1580, 467, 1391810842
892a9f84e3d6d8fc6d7c5bff77823317fc9f4643, 466, 1391810773
ccd0236e32b0500d8cbd5c1237a1fb01f08359d6, 465, 1391809947
f35a9e04b7d8a074ba418f657cb886a42e88c4c2, 464, 1391808217
7f5fd92c9e852c4e98ac7a8eda75c3cd73552451, 463, 1391807945
0d9dc74e111251c1adc2f8d254fdafc70295eff1, 462, 1391807614
473e7e5f998d5707de58c4ce76a074344dca3105, 461, 1391807608
5aad579c5ee88b1b2ce04aa7cc6b7cfbcaa3f334, 460, 1391807587
b3112766d63fa9537d81614186498ebc75c68648, 459, 1391807573
98689c755a7631f323be9b78c47880ccc2668387, 458, 1391806622
3d77f8dbc8cd675f1adeec61ef8f3c8f3438fde4, 457, 1391800350
5737f5141dc8cd8e0aaa37ca0d4fc2eec9ef5401, 456, 1391800010
6f040998986195681ef71a532ebe71a6d05e8d8e, 455, 1391794612
97611afc1d5e37f4efe2f86a53d3078e7af9bba6, 454, 1391794306
336eb34adb408bb14e2eafa6116d2d0dbd4867d1, 453, 1391793369
cfc41bb5ee91ca53efaa935bcfb6bdbd9331cfc0, 452, 1391792560
dc67da3306acb4786a2469fe149fa46590e25db9, 451, 1391753377
14b7e85c5c4f7fda70d3fea292be6eef3c343f15, 450, 1391748742
221eb0479b09fe2d9b0ed6388ab8d4d135d19eb8, 449, 1391748478
839d7a70d2664e9d56217f4b9d5b5f335e5f2a11, 448, 1391725505
b9501443514f7ff45a058a684cc951e736843d3c, 447, 1391725505
5f276e79b2b1d4776599a313372de00323c67a41, 446, 1391736365
2cf56c33f390e91000791b2843c627b6bd63e7bb, 445, 1391725121
b4443b5cceb88c8c035a1e5f3ee1e67d38d86b68, 444, 1391724265
b755372fe34a626d4f12515162b1b39975b729b4, 443, 1391723888
a62ca6817a4e19d1e60c7ed3bb08b59074fda849, 442, 1391723855
c9040fd089f66f05c0f64ad0fb7e07f4c29a0fc1, 441, 1391723547
6bf69710267a657f3e9f55b17c1c94cba2b6c4d1, 440, 1391723356
52badc833f5f01003e9ced6ae6b5504b9b35016d, 439, 1391721486
6912b56a840b32f96c630e80871b109a3ba23e4a, 438, 1391721462
7c6a830603bdcd9a4b539779978849a4d1cd8ea6, 437, 1391721237
02db8d2b36c94b538ceef540447817855d00cc7e, 436, 1391714313
fc886a38ec68364051c7078c35cb241e7b2f2657, 435, 1391713068
b8ae3fb1e3d28d4c57a0fc7bec2eea4ec5c8f034, 434, 1391712548
6f7e2b1ea899d0ee5eb361167f26420f16b136f0, 433, 1391712471
55380d8ab7384cfc42058d509d39a787177f6ebf, 432, 1391672995
c2c95df6e71add5937a2c13c86861417c3af2dda, 431, 1391671746
bb1bd07982975205abefbfadd4d7e9cf9519feed, 430, 1391662973
ae80dd7afe10df8411af4f3415e3205a6d5867f2, 429, 1391662923
fb39b83156a75814c4935841247c988b3fb1e63c, 428, 1391662865
bc6e39f162e9dee2e074f8748aa67e2b1881db3d, 427, 1391646670
5840c456a984ee69e45ddd51beede9f8e0121f9a, 426, 1391645178
a08d811bfe6c64f003651f011b4232a91ab37252, 425, 1391641671
85e722008e400b9d21a4d04c242810cc7fdfef5c, 424, 1391641524
254916e0e02085c370c4fc36c661060178ff2f6a, 423, 1391641516
7c0a3d69f258549b7d10d36cd3cc70d522f95147, 422, 1391641168
f8ce6b861a05ab9dcb811fc4436b466eb6bf344b, 421, 1391640383
af57159dceacf74fe0520e1fe7f6ebd34496b302, 420, 1391640368
75cf659c8c8ba66f5d20062a349ec28a5e441c1c, 419, 1391639847
b300f7b0761aa2f96993b64e0bbf683d5063e518, 418, 1391638624
9ee4c15378bc1136ff6baa013408d6d5a865f722, 417, 1391638567
6d04dd96a51a22d6f5baed7957b9daa8d50beb83, 416, 1391637168
3e7d6f90e926533b58054017a5d42e0df95df2ff, 415, 1391637157
f34bd2b9ea9f4e25f6da9520e565e13e81d5a6db, 414, 1391637911
849c167695e1a2a3ea81aaa9931cf13064a4089c, 413, 1391637765
0648797578d518ee596fe29cf4406db82e18d0c4, 412, 1391637432
4e5116693922a78af2d966301eabfd7f6a54643c, 411, 1391635183
6be6837d5d31c6a8e8fa64d31f21547033ba4b4a, 410, 1391635071
03f8d878551fcfdcf983567d0be66bfb51f5f485, 409, 1391633389
79a21bea31a325f37b7d400e8b88169b15241b01, 408, 1391632237
33946d0c39e4f8370f7442c61ef1e7c0c56d8580, 407, 1391629005
7f7743a1ea247e5961aae280045431f5956bdd04, 406, 1391625562
ac245971041d8b87774f0af8d773e3be59b4a200, 405, 1391625494
5d49f31d356b4dd5972bf77d26fc8168b109829d, 404, 1391625469
25954ef16f1ae20d242765d04f779de8917a6c1c, 403, 1391625770
6bcb2e53f7c9e511defe4be7a991e289a8fce8e1, 402, 1391625239
254ca2fcdc303d95785469b1b72606236b06c1d8, 401, 1391616714
a41a286b002cca22b054efa3cab13939b11372b3, 400, 1391576132
08b2407137136b647c9122c0f1134b49fba6efdf, 399, 1391562447
516cbc9c461b2a2aedc5ead756aa3a64eb74be0f, 398, 1391562147
bae42755f5f12a4b2717e905d8f919602299fe85, 397, 1391560809
a8ab70f943511e7e91bc7b10c9b26a34cb99662f, 396, 1391559682
83dce5ba5605f5c0287ff72258756fa830728eff, 395, 1391557565
0648481372836076fe80f0a98a0efaeca5260367, 394, 1391553707
02f637862c4f6e686e3b43bf6bb1462d82547e4a, 393, 1391553698
0fd29c032d47beef9f909f9a014892832d7f8951, 392, 1391553686
aeca7aa0061f469fde151ce028c612458aa90bfd, 391, 1391553678
4b4928a1ef6b15e7ce8984ed182e55ee06b01049, 390, 1391552007
60a31628f4efb2d86f13de464f99f09ee2bc882b, 389, 1391551376
368c15f0f130be5e79691876a47d905841dd7fd0, 388, 1391549954
c3ce3a91507921fb2cec490837a32fc735358126, 387, 1391549040
1afe5dcaf0da4ad14aa7663bf659565cae31a7f6, 386, 1391549010
5d01c8dccea7a9752026876460c5d28eb191a567, 385, 1391548948
d8542d9984cc2ac2b4bb448e15a4349159a597f3, 384, 1391547162
313edfb1245847fbc759dc13e52cb60a87f85bb6, 383, 1391535541
87bf2a891e8147f63e138cc37f4ba6554a3e05df, 382, 1391544193
fc61b3749b2b029b20cc9d9f36ced71f9a2af089, 381, 1391543837
2d7fae600b5576d45a2a7847dfa9c1d2fd006170, 380, 1391541707
e15c8eaa87bd5c0ba594daf2fa69d71ad980b268, 379, 1391541137
19d88d5453a550a557a2de1b234f8f2c7a5a5f1c, 378, 1391541112
bc8cb5776b2c5c4bf5b457ac822d5dfc8bdb4835, 377, 1391540925
f80b8131615d023f854c1dbbc7940bad2889ab04, 376, 1391540886
731636cbde559c67eacfd4443b459e3b208ad9c5, 375, 1391539798
bc3edd3d4585cfc1b550c80dc40bca306bcdc273, 374, 1391539379
8dea1738da1f29a080265df9d2b82022fe00d5ee, 373, 1391539339
7d6d6882380eb3b89c41b3716302f76a03af2c8b, 372, 1391537213
9d39c29f2e97514c9ff03b9393993ab28ad1612f, 371, 1391535799
64b35b4329883fcf1e52260c386e85810b268b4c, 370, 1391535619
fe8afc1912333ad4a99bb4613bde7346bb0438b1, 369, 1391513575
52ad25912fb9082b6000bea1fff0edeb0d165600, 368, 1391511846
b414328ea44235403226e806875a78e758d4026a, 367, 1391511821
15282edc2e0616357c1289f99e79aa7f1613eedb, 366, 1391511805
2dd2c00f9987573397b919c48cbdd9e582a34556, 365, 1391510162
fb6bd926859166ef21ecf6a301740f1932466598, 364, 1391509575
2423f3226f4ec335600d1846bd2b8078cf429d8b, 363, 1391507004
dd2af71a297fa5b7112e35d3a7de763c55426872, 362, 1391506277
13609f8a8a4bf7fda64aa9ed3d566515f783c637, 361, 1391505823
620dad1184e6591cebec665bf54c3c6e01237cc6, 360, 1391505597
e2975d8247be74350a033fae6c800c657355ad33, 359, 1391505387
5eb84fcbb5a943d80250b8f4c52bb28161ed1b26, 358, 1391504212
579330abd447e85ad54f8517eff7af538cba40fe, 357, 1391502131
91035916b3f218ba12d6ac1baed3a293e6e75ff0, 356, 1391501775
b9489da8eb829fbf724b714f0a049a7c32c7e525, 355, 1391501090
2c25e0f316aef1934a2d7110093c174890b1bb9d, 354, 1391501013
98687949ba32886ab6ac44c31dc3cee5441ba82b, 353, 1391476273
1f7cfac28cdad3ff10cf763bcc9f368c61fe55bf, 352, 1391475343
e8c5e1d08a437b22e7f05fe65fc0cec5cbe884fe, 351, 1391475014
506b12525e29a3f6bf5baa16d12d6f119787e409, 350, 1391465665
84bff615b4c56b4fb427d091157d18e44e15d647, 349, 1391465245
2cb10bccd23f4528d1ad8df15e37496bb2cf1568, 348, 1391465189
737487b97a7fae9658983557efaaa19cabbdefb6, 347, 1391463963
4fd4b0e1b6af316f1ff922b4d365ef60bb0635dc, 346, 1391461821
5903565f19d462d52ada40a3a2470bbc5c492c61, 345, 1391461671
ed5e73cf9f28261ec1999021ee1eab16eda8a241, 344, 1391461661
60b04104034ac9d1357df9b7ab271718afe73487, 343, 1391461061
f97a78348fe6f999c0901d606c748c6af7cc0e06, 342, 1391460677
eba4bdbad9402a31db9b4de894c88cec28b94f7a, 341, 1391460062
ad21eeaf4df9178494ea75754a518dbe74e29cf3, 340, 1391459970
0066a4bcb3c863946ddccc03b4f84a166c5217b4, 339, 1391459945
ec87ac7a9583271c95c58222548681787c320a85, 338, 1391457879
445c8c3b0f5401ee06e3442d3ee7cd5e6ff74223, 337, 1391457690
7be66d2bc0d43cf82e1541945b40b6fc7f2df720, 336, 1391457163
d983e1e195a49fe676c185b4f4663ae65c3bb876, 335, 1391455363
74393c076384b67bcd80eca258d01cf059c4c18d, 334, 1391454762
33236c273342c8c4b1c4c033da2794830bd10b0a, 333, 1391454750
cd95dcd77de166b7c5d5bfb9d259bd88d995ac62, 332, 1391454433
ebad4eede1e4fb5a36be17b39a8246cefd7d3e29, 331, 1391453899
42f0bed7f2b52ee6ed6f1651677e4531725d6103, 330, 1391305052
3bacd373719e89c2a849a4d4ad98b79b33d7526a, 329, 1391275808
7c91e80808aee410c80aba50ec37581b9db21da4, 328, 1391274009
8c90a886b9a70f7d1f4c9b205c12e1d34c4e832d, 327, 1391271739
58a613a7314c7fb6d2bdad5de986c1fae8ee9333, 326, 1391269090
154b2b5cb6ae95a75c4e06923485853238e73533, 325, 1391234044
552cbeb279488dbacd7158c253aecce3a63b4db7, 324, 1391228212
ff656b8c417a1b77c48be5ed84b1bfb3198a7334, 323, 1391227560
5de59b4d46f76ce8efe9ef5e004cf8fe2c568b01, 322, 1391213974
ec875154d6a0cb1eb505d8302211f233f44b5760, 321, 1391213908
057e6e947bd084f5aa5fafad710db2dd658bbd90, 320, 1391208633
ef9946fc4f14f3c575c8d489b073ce5e95805833, 319, 1391208512
6b18c1dc56e777a66a9989fba724ebb621a8a52a, 318, 1391206420
6ff010fb73092a7c31b5f3451d5890dc46b03ca0, 317, 1391206282
18afba191d629d451bfc5bf6fdef058f76569147, 316, 1391205969
24d8e8727165659f3ca8ff3ea43778529b41933a, 315, 1391205368
b85d1c9924cee5f17b9decaeea759fe98e020f75, 314, 1391205257
2997b623f3505aa4b232a9de85b0affd710a73b6, 313, 1391205155
72bb2008676983c008f1ca02fced8d82cdc04707, 312, 1391204210
a697e0e4b2424ae66302aa3bf37a14050796d3f5, 311, 1391201041
14f7e1c54f67d22add4ed3f1ef8f4b7607d5cda8, 310, 1391200997
eea4a31b5d01bbd37f4a5a29333fc7878d0ab92e, 309, 1391197031
d56699c376cd567f800645445ef1fddeb2d861e2, 308, 1391196483
8efa12d30d63dd1d29c75b5793b2d636440e6a91, 307, 1391190562
4c62f9093d11917f44f750f92d0c303c83991288, 306, 1391190533
95695efa9468463faa897894d2b70651bf9d0a09, 305, 1391190444
7a9b8616a600338fd53a146daa5a41b489d858b2, 304, 1391125361
f7cda3f24708f5f45048cf796e919b35670aeeb6, 303, 1391124724
d5dfc5daa57e604f375a4cf88682552ee8ed7e6a, 302, 1391124175
bec7b053b8ecf0092b9d3032b3043eeadff6cf0f, 301, 1391124036
0722f6dc2b299eebd7f0e214b710620d7ca9fa03, 300, 1391124019
014de2ee28714444a0984711b3d9e498aa614951, 299, 1391123895
a6660b6914a1e90e6b855d9e01cf7700bc5d9b1b, 298, 1391123881
e1591acbca6e56bc7457283b78cba6f3e5cca505, 297, 1391123625
974c830aed117f4b6cb18b7879c9a373a6eb831f, 296, 1391123519
038ccf8d7a4b8227de8f2d11fc170e995452d9b7, 295, 1391123433
47428e591f77e2b37df0c634c089a3f33bc3201e, 294, 1391123117
385f4924817db15b4e78a334ea872a965be59a04, 293, 1391122939
902d7c3c044d8626ebc0bb4261f889aa3f9253c4, 292, 1391121994
81eacaec8ce957ee80ab7ae85eec0e2aa0f4165e, 291, 1391121088
9cd00a3fdfa8c2ff4ccfe96a64c63df5e8c1baf4, 290, 1391118746
879d02229bed6a2c77571077d949f45633d94dda, 289, 1391118020
5c0cc521422a679a8685c0f73f3829e2b4f17556, 288, 1391117960
79ed3f4a9f600db1c465433de370c4b632992c2d, 287, 1391117718
2e937db862797c88f6f325e81e604e4c6bb9f2f2, 286, 1391115962
039a2e9f5560ee56080c5e21b6148da209fed2fd, 285, 1391114494
cb29b86066d1035338617b92565d6d9c0fe51ba3, 284, 1391111322
4948f1d6783784ba68064ce59fac4ed0ca9840af, 283, 1391106957
f24198f0ebc8feb8a784849469da210782e30d4d, 282, 1391102152
e8f7e3a998a3c5ceeae3d2f9edd6c56f9ecdf37e, 281, 1391102103
a13803c62944c0b4886491d631388dbfa7a0b109, 280, 1391099076
53c590be8d9570201194b7ee13baa8be59dfcf04, 279, 1391099063
44328a22c6dec6ef582032a92eec3844994bea63, 278, 1391056452
ab571789c9a28cd6c0f1047bcb69b09722db0859, 277, 1391039362
7a03208684c296c5c3f4f52edcbb808897505971, 276, 1391039350
d7f46c9e23e4ab66f8781e0241d7b98e878367fc, 275, 1391029321
9ddca7d4a29cfdb2af9384fe436d413899e96c19, 274, 1391029171
918782b6be4774dcad3b72f57393958266ee43d6, 273, 1391016631
5f3eebf450c8175f518f7ad5f9c453449168dd8a, 272, 1391016572
f523dd59061ce4f5de34e60e7922d23fd472e483, 271, 1391016552
cee47845c3dfd8910af71ec5fef0a30d25d0fc8a, 270, 1391028905
d5d8a8685bd9a382146eefd1a6b8563f3d002917, 269, 1391024981
41ff0173fbf23982415c821bc331f526bfc5959c, 268, 1391024952
0826c3e21efb66226ad577263d9495dbd8a3cc4c, 267, 1391024306
fd80fa97a4e7be24c29f1fad02e4d106d9a05986, 266, 1391023925
d9f6d6f7ece8d360607ba286c9c6f2f68de7d3a0, 265, 1391016133
f47ebdb2e6ce39d628243434332d2e823d2feaad, 264, 1391010494
545450636703ef7c04e7787cac07e9d345020127, 263, 1390937275
6d3e585cecb98be93d1d21310de28aa0f7ff4d7c, 262, 1390936408
1a935a733038cff32422d9bf7cdeab8027c96faf, 261, 1390933997
42dc6caa2a56071f13693f9298975e2ea7509792, 260, 1390933396
1d5810dc15a27082bae05af12d555a577d648957, 259, 1390932604
f449245a484bd83e9bbf827d217e3a9963df7cc8, 258, 1390930790
356f98e3cc855ca70868b696124fdba3834598a1, 257, 1390930327
6ba96b7f4ae7eda6574ebe3c04230cae331e4e4d, 256, 1390871046
ee6be0928e2c0541588e9ab24694235b6b24bb92, 255, 1390870607
f918be24164a4d7787b3350388732071dbc162f6, 254, 1390867805
7fc6f16b2f0cf022e4f2cd2adebe7ffb5c5f1136, 253, 1390862110
293ebe105d501eadeff55adc2376451263692919, 252, 1390857131
a7e25c2caaa787f230a6ad182e0fc809f89d2383, 251, 1390857007
feeb0b43c93a3efa3b1ee6bcd6939c2de2be34ae, 250, 1390856959
d5ada809c2d63d72ac08c3876c35cbec9ea5f38c, 249, 1390609989
822aaa8c63fca2c2bbc290d70fffa030a047727d, 248, 1390608124
0da080286e2e9a1728f1c3c29942b18541d166a7, 247, 1390606048
297f60de7c2c897cc17a7efc102f6acaf2f502cd, 246, 1390604748
5407ff604653e64b3b035d1ea9a2cff5dc5f82a2, 245, 1390599983
1e1617a8e8573df68e54ac7cea605266cfa50319, 244, 1390599938
aeeb6fb1aa5b193bfa1d97ac6b3535134e3cf01c, 243, 1390598684
5da64abeaa63a0c9c629eb8c138c2a214c0da8fe, 242, 1390597508
2fab336a5fafb8b7e5c4f598dc1c638d6beb8a87, 241, 1390594326
5c35f13aa7306cee4343f10cc982625ba5e76410, 240, 1390594216
18ad0668540977270e0bc843851094c30159a1db, 239, 1390592105
f97c13e611f01b4ee7f53c89b70908b4442b2f0e, 238, 1390591923
938d7a4403e91b2c3386493bc4aea1ed949392bd, 237, 1390591669
4b228c211cce66106d90d76c9e8d38802bca2e29, 236, 1390589896
61489e57424f4d52b014e218a61838a1f52c2c0d, 235, 1390588140
6ebd6765ad845c6976145c7166f08e41be93dbc1, 234, 1390587560
6fd96c48b00ca7664131977bc530b2c5db905181, 233, 1390587505
bf91edc9de637a26d66e47085fb752cd390e4b1c, 232, 1390587491
b6b8004695eeb4aabb68ced927bfd54ffe3269b1, 231, 1390587474
1f114ccf7545992c11882abbfb3567f2f26666c8, 230, 1390587221
6d7a420fbf6240bdf1acdfb20eb7f4b7bc7f8ad0, 229, 1390584786
6d5189cced25092a27964fcad8346ee574f222c2, 228, 1390580502
aa11df4e0bf1e9b4d76f916eef852e9979a1b4d4, 227, 1390524487
2406e1ce75ec514b72eaa0070dd27cfc7283b840, 226, 1390521991
6e4928ff86290e453ea70ac9f225bf42700e4c54, 225, 1390521584
97317a89b90f59dc146b6e7016107563a065dc07, 224, 1390519312
f5797467d982bbfb436805984853a9c33d4e5a6c, 223, 1390519308
725b9dd0f630659271b875364651949988a96987, 222, 1390519116
e8c6ab98696ba6f9bfb75558b5d60adbd2029f43, 221, 1390519092
42acfe5308e92681e1c9ca37f2615558dc22391f, 220, 1390519063
570d33dff2f3085d94fbb3fc819118bb9711c08f, 219, 1390518708
3ba7c790b74603eb966eb2b226883f98b610b759, 218, 1390517541
7d60a53e93b970c2e676c7bde5b6b4900d934174, 217, 1390516318
86aba4eb4638884e6efbe598c26ce2719e4c7fc6, 216, 1390515983
536ec4eb77b21a3164080e1e3482680691bf2afb, 215, 1390512816
a018d36e2f82570efd22c23da6476d5e87fa871c, 214, 1390503948
2778b3809985c778798ff4a70136e9079e7aba96, 213, 1390503532
d818d2d41b7b50b950efa18f52aaaf251ecdda75, 212, 1390502053
5956ff62d44d0a02ba812dd695b46113d9ab3186, 211, 1390501901
3cc29631e4747b7fb7bee707070da532c29e691c, 210, 1390501402
88d1d35195e4d60696c6b42572f29df227ddd888, 209, 1390497304
3b32833aa8a0b8061a54f4340759db22b7c8951d, 208, 1390492857
82579b0a722254b5c3160c0a2b02ac9fa6c036b9, 207, 1390492855
7a5f148673af7afadce109bc5017b3636b075108, 206, 1390492809
baefdb75098daa5c9b5e8464331fdb5d877027df, 205, 1390492792
427e67256ad5fd581c0076210017fae5758fed65, 204, 1390492752
f96a946467e637c409d35340e459ba5e71922034, 203, 1390431461
ea9b15cf5f648a85794343de3f1bb12a43314114, 202, 1390428005
cb4ca089885eea14d5ea050ca1a7c189a0701856, 201, 1390427479
d678e653baac6fa650070000ab4545a6271b3dc5, 200, 1390424194
3f966a1c28108835c8528097bc9eec74aae16291, 199, 1390343334
4288063c8cd1580853581c0f8caa3442c6959659, 198, 1390387298
a2e1045050c9329a57d0fdc852238516b9771761, 197, 1390387167
ce0420115a2bee04d94013184a523a5e8e38accc, 196, 1390384171
c7d46376955e90a5edcb4f20b89756bc2256fc0d, 195, 1390384137
3fffb265907ed77464538d655d5f9810a43812bf, 194, 1390384049
d7edf3fd9fcb8e46f979e0e45a72b37d07e007b4, 193, 1390003424
4099ff00e110bddda04f811b0925a2562c1661e5, 192, 1390003413
011498ec270d1f9a435abee991d698cdc1e73c84, 191, 1390003371
e100ed0bbbfaa23b35f54e434de1dc7557c86808, 190, 1389993912
5faf7747d7897682dc000da07526e16c17df0dc9, 189, 1389993874
dcfa50d6088122c58c7ca552a49312b7a1a78120, 188, 1389993841
db00dd11b2f533c080d369c1958e4ff652ed971c, 187, 1389993827
6b1014427ad6b2adc5e3c29cf72aa6f21b0204e9, 186, 1389993793
e04cdb5c25ebd36b749ab82dfba17c6bec56af0e, 185, 1389993770
3b93810f3973885f275fd33c4d995b9c192d9d9c, 184, 1389992870
7b7093b8e9c3b10c8714744a7b31a5eba870acbc, 183, 1389982138
e29388c6501a160df0fa62f7c1c295d70a6df713, 182, 1389981267
94867141e8cdcaa55ed9478c68146e4129c22c3d, 181, 1389981257
9df1bd6d43b1f27869d6286e69e9f19776d42e9a, 180, 1389979901
48eb95bf0b8cbc68cea8c03a6ca7e834e3084150, 179, 1389979831
f38c830d6d7919ecad3f8be02d88ee57734a85f0, 178, 1389979801
0aaffccc3ce6e86c638f7a51bbdf252014a4efde, 177, 1389923670
61498a9bad4aab4c9f12f22941200197c0dcb67e, 176, 1389919727
b5b45f8fb38c45357cff7bf7573e0393ca85b6be, 175, 1389919130
e545001b3fa7f777fd927c9af6ec32e25b2b5d78, 174, 1389915324
50fc43c66812317704c8c91c8e2fc8c42242e817, 173, 1389915311
e59bd245109bc321db764e9177eb7748fa01b456, 172, 1389911143
7eae9cfb8490970eb59399499c7feb9c83f4885c, 171, 1389907890
3e535911150044081394f9e5b5f1b2b10c65deb7, 170, 1389905344
7ec2fe1a904836f4f58bdebd9c1afd8b7d6d482c, 169, 1389902808
c692ccb0224ff9607388690fa4498e835bd7e476, 168, 1389901604
0118b717146b2f425ecc7258907ead0cf01d5769, 167, 1389899740
766829dacd5852d28b4f4e2d973cb0b08f3aa680, 166, 1389899487
9ac79f057c8eb05d6f34f05c2c39084b198c6853, 165, 1389899383
022755b31db8b838ee9d5eabca8e9140f2a1822f, 164, 1389899233
c45fb8a73df0b77a7d9d1027f7e8753f25c6db46, 163, 1389899192
e1513e868b4d9543c704043c2d2a7c4f756562f6, 162, 1389899127
5c015c7a38ea34d8a4ebcd151cf9de1001d701b5, 161, 1389899109
4eeda834ba3cfd4d372b6c8ae14f7ac020e05ea8, 160, 1389899086
1b9f801c51c91c96909c121cb1d474685cb3fa9b, 159, 1389898553
758045ce66673fc914341258699d35dac0e26da1, 158, 1389895937
0160d065b3b93dfb1f4df0becfaf6fbae3ead891, 157, 1389894296
968d27393a0f46fad7bc3cdac8573c52ea37d152, 156, 1389730784
3f2009e2c75eda25464dc284746b2c4dfbebcb87, 155, 1389730766
61f18a6379351c6d1880cd409c99d8cc13f32d7d, 154, 1389728539
ba4aaf458d7eee8e52d291df8bf2a09e89a14333, 153, 1389722701
8edaf0390837a122cbc9ed7dc0ce6c91a2addc0d, 152, 1389722534
e0e24718b2ea01561d8ecc8213482412f9b2a0c9, 151, 1389722513
249fe87f215a5711f54a4fb5c88611ce1528db6b, 150, 1389722483
dff87233c99a1a943b3e1dbb744bbb51a5291ab3, 149, 1389313772
98ce87028e384876d3152690a20bf6aee9467dd0, 148, 1389306558
4ecc7186a2d8c6b065f01d7ec2d02d1e11087ff1, 147, 1389306119
874fdf656c2715e9314de53f6b4a094612921833, 146, 1389305863
32585214fb5db1a921751c0701afef7baa2411ee, 145, 1389303599
2c560b7da1abed5ffe466da0d2ebab0209162710, 144, 1389303296
0e74b82549782456906d58a0008a3033539e6544, 143, 1389292872
dae272e5f0d693b487e9355bd441f372aa53e9da, 142, 1389292546
9c63d1b8830d3c65de6e67818f08ab577dfb2233, 141, 1389291779
38ba1ae63f00fbc1b1ae284e65c71b50abce826f, 140, 1389289318
21f1f2171f55aa981f7f657a6a8daa5ad5cb52c2, 139, 1389288872
e7b234ef75a147c0ab4c6a299a737f83774344f4, 138, 1388822733
43e442dd64527f145efe5cb52045c166d95d4a61, 137, 1388791196
edce068cf6575cdd0fb9e5a74cf5e4dac313d86d, 136, 1388791043
f17f8294a9618447b3f38ca1a88a00a7e4f6581c, 135, 1388122153
96665556bb948b3477124d16e42f4bd62b9e7b4a, 134, 1388122119
046683807c8a63e15fab0f9ceb0e6d30f88eef7c, 133, 1388122063
3331e76a56f5e292850ffdf7fad54bbf1633bcc4, 132, 1387656730
d2566039b5c707060b243a7ac0d5d4a36db2578e, 131, 1387581131
55b977ec642825cce4a4f4f6414875b597c78aaa, 130, 1387580789
2eba3bb93e11596659829c315a3806d91f972614, 129, 1387580271
a9363ee7280f1eb833b908d6f223d287bee8b367, 128, 1387580089
b5acd37378e3739223aa124b6be823f7ed3584d0, 127, 1387580055
b6f080de47a93e0d44855a0a41b81fc401a7333b, 126, 1387570644
61b19e572f4c07105c5660a64434fff3830a8b63, 125, 1387563747
c94aec40acb4050fa77d5fe2c57201af61ac8fec, 124, 1387563571
7ec8f96b035959612b643f07323f1cacbb0a7e8a, 123, 1387563546
575d46fc0986698758dcf84da36276839bdf56f8, 122, 1387563287
a16a205d13a1e30638d475b6849e9a3357d1c437, 121, 1387562805
e285ffead5df3c57b9274978b528185fb01ce40b, 120, 1387561841
a868e5ff5cb2d4be37139fb48dcf1e35a7b2b298, 119, 1387561080
1c8d327c10a33bda6d8c0cfc4a9a1d2bf4432c72, 118, 1387560873
520c0ebf16187d998af5f8d27dac1ad2e9340a81, 117, 1387560832
fb6b774caf2c20564359a0cfe629f42606d05e2f, 116, 1387560284
4a2ceca376ac0175d8e0b30b1fc0650b221d92d1, 115, 1387560160
2537680ca6b6efe2505479f7c1746a52a5f78100, 114, 1387560022
05dfc53b7686926c321fed34009c8502382dd6b1, 113, 1387559980
ff8cafe514e50c396065c5d71f87d4d3141c750c, 112, 1387558428
8ee7e1665dd325d3945e6e57460b4473e8b234fd, 111, 1387558197
ccd74597930d537992f85b7c8b18358d387a5d85, 110, 1387558089
2feb64ad0408107cc0e563c9445bd22bd9d14d0b, 109, 1387557543
1c6e85a914984c84a909b29a0268a0d976eb1d48, 108, 1387556639
33199b7c31352025ace832740839de18d834a4eb, 107, 1387556631
90020b3c47a9c9b34e754a55105144d9a55799bd, 106, 1387556473
6a8d6cf02b7c601606cd9ee02856dd2ff00d0761, 105, 1387556415
e8ab4370cd3614c6a1a6fb312710cd373a0c69b3, 104, 1387556318
3a5cea4d5009c934735b222a4dbc3b9541653219, 103, 1387502243
3a4e76787e2caca98c5088754e9bf9126cee1c0a, 102, 1387499376
018bca6878a2bf8834f67839e50d0d695fc8ef46, 101, 1387499143
944c082298f0ee30e4477d3444871c54964d2342, 100, 1387498320
1b975976ee7663fe28e0ba9d1d44097f2e2d1cf0, 99, 1387497450
f8e8e3d255e15b1293c7e0c217eaa4e107ab5a01, 98, 1387497413
6a44da35bf31785d689082af13f9dbb4befb4e8e, 97, 1387496840
3cd15dccba2c04f4da524b2eab3f90831c2c34aa, 96, 1387496529
98fbb45ca38479b46d6c32264ade84b05c7c5040, 95, 1387496509
072f2ff1855311d59961a917bbec1b0dec3bc22d, 94, 1387495799
4915c8b726556b1babf4ec69b233972a8ca61bfd, 93, 1387495408
79682fdff41675f1a3aa060ab3b9bf31a21d3d66, 92, 1387495121
5c5d309d4038a8a34afb9340f474fdceb8371f75, 91, 1387494953
94584ffa7040f611532184afa5aee1727dd28cb3, 90, 1387494936
03f28d5a81f1b57b4548c96c38fdaf2e84f9d778, 89, 1387494673
d4a5344d6dcc4570990425e5e0d12942297e6cf5, 88, 1387494583
ab4c72c5b95bd534d5c57f1b2e3165b15c00ee76, 87, 1387494486
8ad08d470363489886daaf044c13cdd87e7c9efd, 86, 1387494201
2608855e023b5e63b38267a10cb9db72d066f446, 85, 1387494184
5388606096af8ead2f77229349cae7a212110afc, 84, 1387494115
51f62964ce4d1ad091fa94c61bb3bb86985cfd23, 83, 1387494093
36b85d234021d191cd0c487df9fed957cc00decb, 82, 1387494094
0ddd1a03c5631eb99366cd3b72e76ad833864905, 81, 1387494076
fa84c435bd5725bd290744a44bd90bfa006ad768, 80, 1387494020
96b8f981bdc9f58d64aaf953eb334207f00796de, 79, 1387493891
1414dc967b6505880e50a9d36183299eb807b950, 78, 1387493857
95757ce7235969f54004ea47bf7a66ea63d3b0f8, 77, 1387493843
761e39d3e0b276224ee80dc28cf2364f319f714e, 76, 1387493824
6785f8f1879809ada7cf3bb0a82eb9d50a5f9dec, 75, 1387487037
f1eb65b7c6ebdd7692afb8c89a9fc2a8b1fb3a84, 74, 1387481784
f802783fb27c228502f85c8dda5eaf1bd903a4d2, 73, 1387481772
d7f9a554cc5e4f50a814316b76e182d516535625, 72, 1387477740
5740b14c6eea661aa9b737cb91e704f5a7626c6f, 71, 1387476689
a5d4cf3ea7f4c817cbdb15e5966537a188da2912, 70, 1387476675
57c2e7fbd3efbb78e6c8c97cc03dda98f0a24466, 69, 1387476636
d09d2ec5245fbe8467d781eb785bdd239fc26c5a, 68, 1387476625
c9d3ce329795dc0b9f9069382d196308f6f1ff2c, 67, 1387472045
4eaf5621ec099c502ac1b3e081c32ba18349a3bb, 66, 1387472026
66540ca967ecc1cc905514fefa80c86981f07c6c, 65, 1387472006
5a8c6ba88ff3c38f13008544e492c16117a21bef, 64, 1387393809
9e58b4cbae531caa0f0825a8a81476f03a7aeaad, 63, 1387393806
471b9145a6b62ef5e9411a5b6a2fb4f60c40f60d, 62, 1387385459
693aa87c3c71218980e502bd14f433d4bace90c4, 61, 1387381066
622f2be45014da09a77d03ef874f5309c4b8d67b, 60, 1387379983
eaef1ef1e31442ba2bec6859463d6b1b9edbf69f, 59, 1387347667
de17ddcf0abfec284dc9ea0a0813495103c0c584, 58, 1387320881
4f3fbf97ca5382814ef2747e848be6b9bf8240f3, 57, 1387314116
90eb892a7cfc7eed48f20fe0adc41f521ab5c746, 56, 1387310921
5abde507f30de9e75eeee41dcbdf767ed4320192, 55, 1387308530
7a3b3862efcb129137bef7e004d50ed8cd2becbf, 54, 1387307858
1cd4f7f69793670ad6196fbd53852cfadb289685, 53, 1387306787
de83ec173de47bcc64568b6e15994afa0f570305, 52, 1387304535
1afed6077024e16c4f27e2005fa8aa29aa7f5f09, 51, 1387304521
63a90aa543f28c337c77f7219d111557ab0b0e24, 50, 1387303093
c3dca1829d0826d3ee999a72dae9251f0053e3c8, 49, 1387302907
8794c56688942ef10647c9b08d06e181483f4b61, 48, 1387302836
de2f3208744fed93df85003a6ad36fdec3ccd8c0, 47, 1387301429
ab3ef7b170a44f8364225ecb0ed9e9c44310c886, 46, 1387300370
32c130a1e3c486434139a2b811eef11c4540c4d7, 45, 1387300282
7b35a41b197cc420afc869cb0ef11977f58c6390, 44, 1387300253
1e176d711b0748d9645ca57bb897fb13018b1df3, 43, 1387242214
73de54e57b49cca5dc409b5d5161c4678c3bb1b4, 42, 1387239973
bfd552ca2b80531300b2d1aea06039a916b318c1, 41, 1387235481
de42dd5e5d8dd8bb5e0ff0ea9a967ac33bd6d295, 40, 1387235193
c55079d43e2cb44d1eb1a780fa5de1746472e627, 39, 1387234987
499f934ccf197e28ecf54b50354c5d886feb1aee, 38, 1387234274
6eda529a37066b4f8837865338266badc3bffa9e, 37, 1387233964
8da3341735dec4d5ee8fac7913c78bd4f9c04426, 36, 1387233682
d2da23977c4b2cfea920d6725b3dca86ae048e06, 35, 1387232997
2aefbd5a235b08655c25f002c12ac0e92db74aab, 34, 1387232165
6fae9e1a7c52275a7e20d0c64a6f76c62da39ef1, 33, 1387227861
248d33b974051395a75cb9175f753d1ba0745cd4, 32, 1387226031
dbf0be630cb84712f93cc04dadafa714540d6ace, 31, 1387223801
dd96eb7bd260a6ad9548ea5098a832f3ebe91008, 30, 1387222440
3ddbf85acc61ee453c21ab489ce46408934b4add, 29, 1386958564
03c4ddb6f2eaa56769623765a3d8a46ba3803eb4, 28, 1386888792
a6b202cf347ea86327b4fac3f3c85568827aa346, 27, 1386884134
8897998a9333e9a224d14d2cefd650511b5ffbfe, 26, 1386873316
c3cad0a09174f50b71e9065a9d13274024e74805, 25, 1386872128
e906621f5bd11b4fad64cb2893d2e76dd4a195f1, 24, 1386871346
9b579ba22a595665eabe6cb40675c5638c5e8059, 23, 1386871252
e6e25bbbbeb58a8a7ae7dcbdcd8eb53c257dce3b, 22, 1386871050
a4039cfcf67bf408e3e94633ee0b04552da7f737, 21, 1386751883
8167de11bad02a0e4a57a683cf29fe3842179430, 20, 1386742193
e6623f179bde1f87d2f8513ea8c881db38b44126, 19, 1386741909
04f204345eab6f4bafa70d7e465a0045c757bd87, 18, 1386715298
5b41e52ca42cf469f09291f0bda4bbd3286341d3, 17, 1386714396
e0a634d8e3d474c17019ba3148f811818d0eff51, 16, 1386712534
fcf229e16de378ad2285a895ad77b58234c2c66e, 15, 1386712201
8b2efc4d904f17f99a9edef1b4a5ccf8e7c212e0, 14, 1386712139
b38ed990fed6da2bc8e46c5a530edceeacad7a03, 13, 1386712098
0535599f521afe7b0dae6ea0d9d16bc6690e4fa3, 12, 1386710560
6df52969fb4a5fbd876d2f74951c0326541c1e4e, 11, 1386707187
0480fb629b65bdef52f70a69b6261991d4f99dff, 10, 1386703847
687cb522655bd8972ebbb329f696a8b869d6bcd8, 9, 1386699691
d0dfe3c73968b0f5d269117eb1d30936e61033e8, 8, 1386698223
85dde3d0b96fcd4c7f04c287176cf7db593164a2, 7, 1386698006
9e54b37e94ad6a691814bd0da2a4571e15fe3bcf, 6, 1386697946
1888a675a436fac9fa505864bc3efc2a9d74eab7, 5, 1386695311
a65562a9b7bc71af4ec0883daeca95213622e5d4, 4, 1386695622
f08d8bdaca80a68a7e9b1e4e4b1a0451bcad7a73, 3, 1386695311
406e6b013e9e2991b57e56825887f37c22bf675e, 2, 1386694892
5d8c90ad89ca9df98a98c6419a250b54e09e6e78, 1, 1386692654
